Data,Cidade,Temperatura_C,Pressao_hPa,Umidade_Perc,Precipitacao_mm
2022-01-01,Campo Grande,27.0,1006.0,0,0.2
2022-01-01,Dourados,28.1,1005.1,0,0.3
2022-01-01,Três Lagoas,26.9,1005.5,0,0.7
2022-01-01,Corumbá,29.5,1004.2,0,0.0
2022-01-01,Ponta Porã,26.9,1007.0,0,0.0
2022-01-01,Aquidauana,27.8,1005.0,0,0.0
2022-01-02,Campo Grande,28.1,1007.3,0,1.6
2022-01-02,Dourados,29.0,1006.8,0,0.2
2022-01-02,Três Lagoas,27.0,1007.1,0,8.0
2022-01-02,Corumbá,29.7,1006.0,0,1.7
2022-01-02,Ponta Porã,28.4,1008.5,0,0.8
2022-01-02,Aquidauana,29.4,1006.7,0,0.1
2022-01-03,Campo Grande,26.5,1007.7,0,1.7
2022-01-03,Dourados,27.3,1007.8,0,0.4
2022-01-03,Três Lagoas,27.2,1006.5,0,6.9
2022-01-03,Corumbá,27.6,1006.7,0,23.0
2022-01-03,Ponta Porã,23.0,1009.4,0,27.7
2022-01-03,Aquidauana,28.0,1006.9,0,1.1
2022-01-04,Campo Grande,26.8,1005.6,0,2.2
2022-01-04,Dourados,27.1,1005.3,0,6.3
2022-01-04,Três Lagoas,26.1,1004.7,0,2.7
2022-01-04,Corumbá,27.1,1004.8,0,6.7
2022-01-04,Ponta Porã,25.6,1006.7,0,5.5
2022-01-04,Aquidauana,26.4,1005.1,0,1.9
2022-01-05,Campo Grande,26.3,1006.7,0,7.7
2022-01-05,Dourados,26.9,1005.7,0,2.1
2022-01-05,Três Lagoas,27.0,1004.7,0,6.7
2022-01-05,Corumbá,26.4,1006.3,0,14.2
2022-01-05,Ponta Porã,24.8,1007.7,0,1.8
2022-01-05,Aquidauana,25.9,1006.2,0,27.7
2022-01-06,Campo Grande,26.7,1007.3,0,7.2
2022-01-06,Dourados,27.2,1006.8,0,1.5
2022-01-06,Três Lagoas,26.8,1005.6,0,6.4
2022-01-06,Corumbá,26.9,1006.7,0,13.5
2022-01-06,Ponta Porã,26.1,1008.6,0,0.9
2022-01-06,Aquidauana,27.1,1006.6,0,0.5
2022-01-07,Campo Grande,27.2,1007.5,0,3.3
2022-01-07,Dourados,27.3,1007.9,0,7.9
2022-01-07,Três Lagoas,26.4,1007.5,0,15.7
2022-01-07,Corumbá,28.7,1006.3,0,0.0
2022-01-07,Ponta Porã,24.6,1009.6,0,3.0
2022-01-07,Aquidauana,27.2,1006.8,0,1.2
2022-01-08,Campo Grande,27.1,1008.5,0,0.5
2022-01-08,Dourados,27.5,1009.2,0,1.9
2022-01-08,Três Lagoas,25.8,1009.0,0,0.2
2022-01-08,Corumbá,29.0,1006.9,0,0.1
2022-01-08,Ponta Porã,24.3,1011.0,0,3.2
2022-01-08,Aquidauana,27.5,1007.8,0,2.8
2022-01-09,Campo Grande,25.9,1009.2,0,2.9
2022-01-09,Dourados,26.6,1009.9,0,4.5
2022-01-09,Três Lagoas,25.4,1009.7,0,0.1
2022-01-09,Corumbá,29.1,1007.4,0,2.9
2022-01-09,Ponta Porã,23.9,1011.4,0,7.5
2022-01-09,Aquidauana,27.3,1008.3,0,0.7
2022-01-10,Campo Grande,25.8,1008.7,0,0.7
2022-01-10,Dourados,25.8,1009.6,0,0.0
2022-01-10,Três Lagoas,25.4,1008.0,0,1.0
2022-01-10,Corumbá,27.3,1007.9,0,5.1
2022-01-10,Ponta Porã,24.6,1011.0,0,0.0
2022-01-10,Aquidauana,27.5,1008.0,0,0.0
2022-01-11,Campo Grande,26.1,1008.5,0,2.4
2022-01-11,Dourados,25.6,1008.8,0,0.1
2022-01-11,Três Lagoas,24.2,1008.0,0,0.1
2022-01-11,Corumbá,28.3,1007.2,0,0.0
2022-01-11,Ponta Porã,25.5,1010.4,0,0.4
2022-01-11,Aquidauana,27.1,1007.5,0,0.0
2022-01-12,Campo Grande,25.8,1010.0,0,3.1
2022-01-12,Dourados,25.0,1010.3,0,1.0
2022-01-12,Três Lagoas,24.0,1009.7,0,2.6
2022-01-12,Corumbá,28.2,1008.4,0,0.6
2022-01-12,Ponta Porã,22.2,1012.3,0,0.9
2022-01-12,Aquidauana,26.4,1009.2,0,1.8
2022-01-13,Campo Grande,26.4,1011.7,0,1.1
2022-01-13,Dourados,25.7,1012.1,0,0.4
2022-01-13,Três Lagoas,25.2,1012.5,0,2.7
2022-01-13,Corumbá,27.2,1010.2,0,0.5
2022-01-13,Ponta Porã,24.6,1013.4,0,0.2
2022-01-13,Aquidauana,27.0,1010.9,0,0.3
2022-01-14,Campo Grande,27.0,1015.0,0,0.8
2022-01-14,Dourados,27.2,1014.6,0,0.3
2022-01-14,Três Lagoas,28.2,1014.6,0,0.0
2022-01-14,Corumbá,26.7,1013.0,0,1.0
2022-01-14,Ponta Porã,24.8,1016.3,0,0.8
2022-01-14,Aquidauana,28.5,1013.6,0,0.5
2022-01-15,Campo Grande,27.9,1014.3,0,0.2
2022-01-15,Dourados,28.5,1014.5,0,0.0
2022-01-15,Três Lagoas,30.2,1013.2,0,0.1
2022-01-15,Corumbá,29.0,1013.0,0,0.3
2022-01-15,Ponta Porã,27.4,1015.8,0,0.0
2022-01-15,Aquidauana,29.5,1013.3,0,0.0
2022-01-16,Campo Grande,27.9,1011.4,0,0.0
2022-01-16,Dourados,29.4,1010.9,0,0.0
2022-01-16,Três Lagoas,28.2,1011.4,0,0.0
2022-01-16,Corumbá,29.9,1009.8,0,0.0
2022-01-16,Ponta Porã,29.2,1011.9,0,0.0
2022-01-16,Aquidauana,30.5,1009.8,0,0.0
2022-01-17,Campo Grande,27.9,1010.5,0,0.0
2022-01-17,Dourados,29.1,1009.9,0,0.0
2022-01-17,Três Lagoas,27.8,1010.5,0,0.0
2022-01-17,Corumbá,30.7,1008.4,0,0.0
2022-01-17,Ponta Porã,29.0,1011.1,0,0.0
2022-01-17,Aquidauana,30.3,1008.9,0,0.0
2022-01-18,Campo Grande,27.4,1012.6,0,6.3
2022-01-18,Dourados,28.5,1011.6,0,0.0
2022-01-18,Três Lagoas,25.9,1013.0,0,0.4
2022-01-18,Corumbá,30.1,1010.4,0,0.0
2022-01-18,Ponta Porã,29.5,1013.3,0,0.0
2022-01-18,Aquidauana,30.7,1011.0,0,0.4
2022-01-19,Campo Grande,26.9,1014.2,0,7.3
2022-01-19,Dourados,27.2,1013.9,0,3.4
2022-01-19,Três Lagoas,26.8,1013.8,0,10.5
2022-01-19,Corumbá,30.0,1012.0,0,0.0
2022-01-19,Ponta Porã,26.1,1015.6,0,8.0
2022-01-19,Aquidauana,28.3,1013.1,0,1.4
2022-01-20,Campo Grande,26.9,1013.2,0,6.5
2022-01-20,Dourados,27.2,1013.0,0,11.1
2022-01-20,Três Lagoas,29.1,1012.4,0,0.0
2022-01-20,Corumbá,28.0,1011.3,0,23.7
2022-01-20,Ponta Porã,25.0,1014.4,0,8.5
2022-01-20,Aquidauana,27.1,1012.0,0,8.2
2022-01-21,Campo Grande,26.6,1012.0,0,1.0
2022-01-21,Dourados,27.6,1011.6,0,0.7
2022-01-21,Três Lagoas,29.5,1010.5,0,0.0
2022-01-21,Corumbá,27.6,1010.3,0,0.5
2022-01-21,Ponta Porã,26.4,1012.8,0,2.5
2022-01-21,Aquidauana,27.5,1010.8,0,0.4
2022-01-22,Campo Grande,28.0,1011.0,0,0.0
2022-01-22,Dourados,28.7,1010.6,0,0.0
2022-01-22,Três Lagoas,30.7,1009.7,0,0.0
2022-01-22,Corumbá,29.2,1009.6,0,0.1
2022-01-22,Ponta Porã,28.2,1012.4,0,0.0
2022-01-22,Aquidauana,29.9,1009.8,0,0.0
2022-01-23,Campo Grande,28.5,1010.4,0,0.2
2022-01-23,Dourados,28.9,1010.4,0,0.0
2022-01-23,Três Lagoas,30.5,1008.8,0,0.1
2022-01-23,Corumbá,30.9,1009.1,0,0.0
2022-01-23,Ponta Porã,29.0,1012.3,0,0.0
2022-01-23,Aquidauana,30.4,1009.4,0,0.3
2022-01-24,Campo Grande,27.9,1010.0,0,3.4
2022-01-24,Dourados,28.5,1010.0,0,2.0
2022-01-24,Três Lagoas,30.4,1008.0,0,0.0
2022-01-24,Corumbá,30.0,1009.2,0,0.5
2022-01-24,Ponta Porã,27.7,1012.0,0,3.6
2022-01-24,Aquidauana,29.0,1009.5,0,2.3
2022-01-25,Campo Grande,27.1,1009.1,0,0.5
2022-01-25,Dourados,28.9,1008.5,0,0.0
2022-01-25,Três Lagoas,29.8,1007.8,0,0.9
2022-01-25,Corumbá,30.2,1008.2,0,0.1
2022-01-25,Ponta Porã,27.1,1010.4,0,1.9
2022-01-25,Aquidauana,29.6,1008.4,0,0.6
2022-01-26,Campo Grande,27.3,1009.1,0,1.3
2022-01-26,Dourados,28.2,1008.4,0,4.9
2022-01-26,Três Lagoas,29.8,1007.9,0,6.6
2022-01-26,Corumbá,29.3,1007.9,0,2.5
2022-01-26,Ponta Porã,28.5,1009.8,0,6.6
2022-01-26,Aquidauana,29.5,1008.0,0,0.5
2022-01-27,Campo Grande,26.6,1008.9,0,12.8
2022-01-27,Dourados,26.1,1008.7,0,33.5
2022-01-27,Três Lagoas,27.5,1008.4,0,18.5
2022-01-27,Corumbá,28.1,1007.6,0,21.0
2022-01-27,Ponta Porã,23.6,1010.2,0,29.1
2022-01-27,Aquidauana,27.4,1007.9,0,16.2
2022-01-28,Campo Grande,26.7,1006.9,0,9.8
2022-01-28,Dourados,25.0,1007.4,0,15.4
2022-01-28,Três Lagoas,25.7,1006.7,0,10.7
2022-01-28,Corumbá,26.2,1006.5,0,11.5
2022-01-28,Ponta Porã,22.4,1008.7,0,12.8
2022-01-28,Aquidauana,25.0,1006.6,0,11.6
2022-01-29,Campo Grande,26.4,1006.4,0,29.2
2022-01-29,Dourados,25.4,1006.8,0,8.2
2022-01-29,Três Lagoas,25.2,1006.4,0,36.8
2022-01-29,Corumbá,25.0,1006.0,0,24.6
2022-01-29,Ponta Porã,23.8,1008.0,0,3.8
2022-01-29,Aquidauana,24.5,1006.3,0,19.3
2022-01-30,Campo Grande,26.0,1007.9,0,8.6
2022-01-30,Dourados,26.2,1007.4,0,3.1
2022-01-30,Três Lagoas,24.8,1007.5,0,34.6
2022-01-30,Corumbá,25.3,1007.1,0,8.9
2022-01-30,Ponta Porã,24.7,1008.7,0,3.6
2022-01-30,Aquidauana,24.0,1007.8,0,13.2
2022-01-31,Campo Grande,25.7,1008.9,0,11.8
2022-01-31,Dourados,26.9,1008.4,0,1.6
2022-01-31,Três Lagoas,24.2,1008.9,0,36.7
2022-01-31,Corumbá,25.2,1007.9,0,11.0
2022-01-31,Ponta Porã,26.0,1009.8,0,0.2
2022-01-31,Aquidauana,24.6,1009.0,0,5.2
2022-02-01,Campo Grande,25.5,1010.0,0,2.9
2022-02-01,Dourados,27.4,1009.7,0,0.5
2022-02-01,Três Lagoas,24.1,1010.2,0,12.1
2022-02-01,Corumbá,26.1,1008.7,0,1.6
2022-02-01,Ponta Porã,25.7,1011.1,0,0.8
2022-02-01,Aquidauana,25.5,1009.7,0,1.8
2022-02-02,Campo Grande,26.7,1010.3,0,12.2
2022-02-02,Dourados,27.0,1010.9,0,5.6
2022-02-02,Três Lagoas,24.3,1011.1,0,16.7
2022-02-02,Corumbá,25.9,1008.7,0,3.7
2022-02-02,Ponta Porã,23.8,1012.2,0,2.6
2022-02-02,Aquidauana,26.1,1009.8,0,12.0
2022-02-03,Campo Grande,26.0,1010.4,0,1.7
2022-02-03,Dourados,26.3,1010.7,0,17.0
2022-02-03,Três Lagoas,24.9,1010.9,0,14.7
2022-02-03,Corumbá,26.3,1009.0,0,23.6
2022-02-03,Ponta Porã,23.1,1011.2,0,13.1
2022-02-03,Aquidauana,24.7,1009.9,0,15.5
2022-02-04,Campo Grande,26.4,1010.2,0,1.8
2022-02-04,Dourados,26.7,1009.6,0,15.7
2022-02-04,Três Lagoas,26.9,1009.8,0,5.5
2022-02-04,Corumbá,27.9,1008.7,0,0.5
2022-02-04,Ponta Porã,25.5,1010.3,0,3.5
2022-02-04,Aquidauana,27.6,1009.0,0,0.5
2022-02-05,Campo Grande,27.2,1009.7,0,2.8
2022-02-05,Dourados,26.3,1009.2,0,8.1
2022-02-05,Três Lagoas,25.9,1008.9,0,3.9
2022-02-05,Corumbá,27.5,1008.6,0,7.4
2022-02-05,Ponta Porã,22.2,1011.5,0,4.3
2022-02-05,Aquidauana,27.5,1008.9,0,7.8
2022-02-06,Campo Grande,25.5,1011.8,0,14.6
2022-02-06,Dourados,25.7,1011.5,0,8.1
2022-02-06,Três Lagoas,26.1,1010.2,0,5.7
2022-02-06,Corumbá,25.1,1010.7,0,15.6
2022-02-06,Ponta Porã,23.3,1014.2,0,13.5
2022-02-06,Aquidauana,25.5,1011.0,0,22.7
2022-02-07,Campo Grande,26.5,1012.1,0,0.0
2022-02-07,Dourados,26.5,1013.3,0,0.0
2022-02-07,Três Lagoas,28.0,1009.3,0,1.8
2022-02-07,Corumbá,26.2,1011.6,0,11.6
2022-02-07,Ponta Porã,22.3,1015.2,0,0.0
2022-02-07,Aquidauana,25.5,1011.5,0,0.3
2022-02-08,Campo Grande,25.6,1011.3,0,0.0
2022-02-08,Dourados,26.8,1012.3,0,0.0
2022-02-08,Três Lagoas,26.9,1009.0,0,0.4
2022-02-08,Corumbá,26.7,1010.4,0,0.0
2022-02-08,Ponta Porã,22.1,1013.7,0,0.0
2022-02-08,Aquidauana,25.4,1010.7,0,0.0
2022-02-09,Campo Grande,25.6,1009.6,0,0.0
2022-02-09,Dourados,27.1,1010.3,0,0.0
2022-02-09,Três Lagoas,27.2,1008.1,0,0.3
2022-02-09,Corumbá,26.4,1008.7,0,0.0
2022-02-09,Ponta Porã,24.6,1011.5,0,0.0
2022-02-09,Aquidauana,25.1,1008.9,0,0.0
2022-02-10,Campo Grande,26.9,1008.4,0,0.0
2022-02-10,Dourados,27.4,1008.7,0,0.0
2022-02-10,Três Lagoas,27.0,1007.9,0,0.0
2022-02-10,Corumbá,27.5,1007.2,0,0.0
2022-02-10,Ponta Porã,25.6,1009.9,0,0.0
2022-02-10,Aquidauana,26.0,1007.6,0,0.0
2022-02-11,Campo Grande,27.6,1008.6,0,0.0
2022-02-11,Dourados,27.8,1009.1,0,0.0
2022-02-11,Três Lagoas,27.2,1008.0,0,0.7
2022-02-11,Corumbá,27.6,1007.3,0,0.3
2022-02-11,Ponta Porã,26.4,1010.6,0,0.0
2022-02-11,Aquidauana,27.8,1007.7,0,0.2
2022-02-12,Campo Grande,27.1,1009.6,0,0.1
2022-02-12,Dourados,28.0,1010.2,0,0.1
2022-02-12,Três Lagoas,27.8,1008.8,0,0.1
2022-02-12,Corumbá,27.3,1009.2,0,1.6
2022-02-12,Ponta Porã,26.7,1011.6,0,0.0
2022-02-12,Aquidauana,28.6,1008.9,0,0.1
2022-02-13,Campo Grande,27.6,1009.5,0,0.0
2022-02-13,Dourados,28.1,1010.0,0,0.0
2022-02-13,Três Lagoas,28.5,1008.2,0,0.0
2022-02-13,Corumbá,27.3,1009.4,0,0.3
2022-02-13,Ponta Porã,25.4,1012.5,0,0.0
2022-02-13,Aquidauana,29.3,1008.4,0,0.0
2022-02-14,Campo Grande,28.1,1009.6,0,0.0
2022-02-14,Dourados,28.3,1009.8,0,0.0
2022-02-14,Três Lagoas,29.0,1008.2,0,0.0
2022-02-14,Corumbá,27.9,1009.2,0,0.7
2022-02-14,Ponta Porã,26.8,1012.0,0,0.5
2022-02-14,Aquidauana,29.1,1008.8,0,0.0
2022-02-15,Campo Grande,27.9,1010.9,0,0.4
2022-02-15,Dourados,28.8,1010.9,0,0.3
2022-02-15,Três Lagoas,30.3,1009.1,0,0.0
2022-02-15,Corumbá,28.7,1010.4,0,0.2
2022-02-15,Ponta Porã,28.1,1012.9,0,0.4
2022-02-15,Aquidauana,28.9,1010.3,0,0.0
2022-02-16,Campo Grande,26.9,1011.3,0,11.6
2022-02-16,Dourados,28.9,1011.0,0,5.2
2022-02-16,Três Lagoas,29.9,1009.9,0,0.3
2022-02-16,Corumbá,29.5,1010.1,0,0.6
2022-02-16,Ponta Porã,29.0,1012.6,0,2.2
2022-02-16,Aquidauana,28.9,1010.4,0,0.8
2022-02-17,Campo Grande,27.1,1009.9,0,3.5
2022-02-17,Dourados,28.1,1010.4,0,0.0
2022-02-17,Três Lagoas,27.0,1009.1,0,0.2
2022-02-17,Corumbá,28.6,1009.4,0,1.1
2022-02-17,Ponta Porã,27.8,1011.4,0,0.3
2022-02-17,Aquidauana,27.5,1009.5,0,5.5
2022-02-18,Campo Grande,25.7,1008.9,0,3.4
2022-02-18,Dourados,27.4,1007.9,0,0.6
2022-02-18,Três Lagoas,24.4,1007.9,0,3.6
2022-02-18,Corumbá,25.4,1008.3,0,27.6
2022-02-18,Ponta Porã,26.8,1009.5,0,0.0
2022-02-18,Aquidauana,26.3,1008.2,0,0.1
2022-02-19,Campo Grande,26.7,1008.2,0,0.3
2022-02-19,Dourados,27.5,1007.3,0,0.0
2022-02-19,Três Lagoas,26.5,1007.8,0,0.6
2022-02-19,Corumbá,26.9,1007.1,0,0.0
2022-02-19,Ponta Porã,26.8,1008.8,0,0.0
2022-02-19,Aquidauana,27.0,1007.3,0,0.2
2022-02-20,Campo Grande,27.3,1009.7,0,0.1
2022-02-20,Dourados,27.9,1009.2,0,0.0
2022-02-20,Três Lagoas,27.3,1009.9,0,0.0
2022-02-20,Corumbá,26.9,1008.5,0,1.0
2022-02-20,Ponta Porã,27.1,1010.7,0,0.0
2022-02-20,Aquidauana,28.3,1008.9,0,0.0
2022-02-21,Campo Grande,27.6,1011.6,0,2.5
2022-02-21,Dourados,28.1,1011.4,0,2.5
2022-02-21,Três Lagoas,28.2,1011.4,0,0.6
2022-02-21,Corumbá,26.7,1010.3,0,2.2
2022-02-21,Ponta Porã,25.8,1012.9,0,0.6
2022-02-21,Aquidauana,27.1,1011.2,0,3.0
2022-02-22,Campo Grande,27.5,1012.5,0,0.7
2022-02-22,Dourados,27.9,1012.9,0,2.2
2022-02-22,Três Lagoas,29.4,1011.1,0,0.3
2022-02-22,Corumbá,26.4,1012.2,0,3.6
2022-02-22,Ponta Porã,24.3,1014.9,0,9.2
2022-02-22,Aquidauana,28.1,1012.3,0,1.3
2022-02-23,Campo Grande,27.1,1011.2,0,0.9
2022-02-23,Dourados,27.6,1011.6,0,0.8
2022-02-23,Três Lagoas,28.9,1009.6,0,5.4
2022-02-23,Corumbá,27.9,1010.2,0,0.6
2022-02-23,Ponta Porã,26.0,1012.5,0,7.1
2022-02-23,Aquidauana,29.4,1010.0,0,0.2
2022-02-24,Campo Grande,28.1,1010.9,0,1.2
2022-02-24,Dourados,28.7,1010.7,0,2.0
2022-02-24,Três Lagoas,28.9,1010.4,0,0.1
2022-02-24,Corumbá,28.6,1009.5,0,0.3
2022-02-24,Ponta Porã,27.2,1012.6,0,0.9
2022-02-24,Aquidauana,29.7,1009.7,0,0.2
2022-02-25,Campo Grande,28.2,1013.1,0,3.3
2022-02-25,Dourados,28.8,1013.4,0,0.5
2022-02-25,Três Lagoas,29.9,1011.9,0,0.7
2022-02-25,Corumbá,29.1,1011.9,0,0.2
2022-02-25,Ponta Porã,27.7,1015.1,0,1.8
2022-02-25,Aquidauana,30.4,1012.2,0,0.4
2022-02-26,Campo Grande,27.1,1013.1,0,5.8
2022-02-26,Dourados,28.5,1013.4,0,3.3
2022-02-26,Três Lagoas,29.9,1011.7,0,1.1
2022-02-26,Corumbá,29.9,1011.4,0,0.0
2022-02-26,Ponta Porã,27.0,1015.0,0,4.5
2022-02-26,Aquidauana,29.2,1012.0,0,6.5
2022-02-27,Campo Grande,27.8,1010.1,0,2.1
2022-02-27,Dourados,29.8,1010.4,0,0.6
2022-02-27,Três Lagoas,29.9,1009.5,0,0.1
2022-02-27,Corumbá,29.2,1009.1,0,2.0
2022-02-27,Ponta Porã,28.3,1011.3,0,0.2
2022-02-27,Aquidauana,29.9,1009.2,0,0.3
2022-02-28,Campo Grande,28.3,1009.8,0,1.7
2022-02-28,Dourados,30.1,1009.4,0,2.7
2022-02-28,Três Lagoas,31.0,1008.6,0,0.4
2022-02-28,Corumbá,29.3,1009.0,0,4.1
2022-02-28,Ponta Porã,29.4,1011.2,0,0.2
2022-02-28,Aquidauana,30.9,1009.2,0,0.8
2022-03-01,Campo Grande,27.4,1010.9,0,10.7
2022-03-01,Dourados,28.1,1010.7,0,5.2
2022-03-01,Três Lagoas,28.3,1011.1,0,0.2
2022-03-01,Corumbá,29.1,1009.4,0,2.0
2022-03-01,Ponta Porã,26.3,1012.0,0,9.3
2022-03-01,Aquidauana,28.3,1010.0,0,8.0
2022-03-02,Campo Grande,26.7,1011.7,0,6.9
2022-03-02,Dourados,27.1,1011.2,0,11.2
2022-03-02,Três Lagoas,27.3,1011.9,0,0.8
2022-03-02,Corumbá,27.7,1010.0,0,13.0
2022-03-02,Ponta Porã,24.4,1012.8,0,7.2
2022-03-02,Aquidauana,27.2,1010.6,0,9.2
2022-03-03,Campo Grande,26.9,1011.8,0,1.7
2022-03-03,Dourados,26.5,1011.5,0,2.9
2022-03-03,Três Lagoas,27.4,1011.9,0,0.0
2022-03-03,Corumbá,26.9,1010.2,0,1.3
2022-03-03,Ponta Porã,23.8,1012.8,0,8.9
2022-03-03,Aquidauana,26.6,1010.7,0,2.0
2022-03-04,Campo Grande,28.0,1011.5,0,0.6
2022-03-04,Dourados,27.7,1011.3,0,0.9
2022-03-04,Três Lagoas,27.7,1012.0,0,0.0
2022-03-04,Corumbá,26.6,1010.0,0,11.2
2022-03-04,Ponta Porã,24.8,1012.7,0,1.3
2022-03-04,Aquidauana,27.3,1010.5,0,0.9
2022-03-05,Campo Grande,28.3,1010.8,0,9.5
2022-03-05,Dourados,28.4,1010.5,0,0.4
2022-03-05,Três Lagoas,28.1,1011.4,0,0.0
2022-03-05,Corumbá,27.3,1009.1,0,0.3
2022-03-05,Ponta Porã,26.2,1011.7,0,1.9
2022-03-05,Aquidauana,27.8,1009.7,0,0.6
2022-03-06,Campo Grande,29.0,1010.1,0,0.0
2022-03-06,Dourados,29.3,1009.6,0,0.0
2022-03-06,Três Lagoas,28.7,1010.7,0,0.1
2022-03-06,Corumbá,28.2,1008.5,0,0.5
2022-03-06,Ponta Porã,27.0,1011.3,0,0.0
2022-03-06,Aquidauana,29.3,1008.8,0,0.1
2022-03-07,Campo Grande,29.1,1010.1,0,0.5
2022-03-07,Dourados,29.3,1009.6,0,0.0
2022-03-07,Três Lagoas,29.1,1010.6,0,0.0
2022-03-07,Corumbá,28.6,1008.2,0,0.1
2022-03-07,Ponta Porã,27.4,1011.5,0,0.9
2022-03-07,Aquidauana,29.8,1008.7,0,0.0
2022-03-08,Campo Grande,29.0,1011.1,0,0.1
2022-03-08,Dourados,29.3,1011.0,0,0.1
2022-03-08,Três Lagoas,29.2,1011.1,0,0.0
2022-03-08,Corumbá,27.4,1010.1,0,0.8
2022-03-08,Ponta Porã,27.5,1012.5,0,0.2
2022-03-08,Aquidauana,29.9,1010.0,0,0.0
2022-03-09,Campo Grande,29.0,1011.2,0,0.4
2022-03-09,Dourados,28.9,1011.1,0,0.5
2022-03-09,Três Lagoas,28.8,1011.4,0,10.2
2022-03-09,Corumbá,28.3,1009.8,0,0.3
2022-03-09,Ponta Porã,25.6,1012.9,0,0.2
2022-03-09,Aquidauana,30.3,1009.8,0,0.0
2022-03-10,Campo Grande,28.5,1010.9,0,0.0
2022-03-10,Dourados,28.3,1010.5,0,14.6
2022-03-10,Três Lagoas,28.3,1011.1,0,1.5
2022-03-10,Corumbá,27.5,1009.5,0,17.6
2022-03-10,Ponta Porã,23.7,1012.1,0,3.6
2022-03-10,Aquidauana,30.2,1009.1,0,0.0
2022-03-11,Campo Grande,27.6,1011.2,0,0.8
2022-03-11,Dourados,26.4,1011.1,0,11.9
2022-03-11,Três Lagoas,27.6,1011.0,0,4.3
2022-03-11,Corumbá,26.2,1010.4,0,8.9
2022-03-11,Ponta Porã,20.8,1013.2,0,20.5
2022-03-11,Aquidauana,27.5,1010.1,0,7.0
2022-03-12,Campo Grande,26.5,1012.0,0,17.4
2022-03-12,Dourados,25.4,1012.0,0,12.3
2022-03-12,Três Lagoas,26.5,1011.8,0,8.4
2022-03-12,Corumbá,24.7,1011.4,0,7.4
2022-03-12,Ponta Porã,20.8,1013.7,0,5.4
2022-03-12,Aquidauana,24.7,1011.3,0,15.4
2022-03-13,Campo Grande,25.3,1013.5,0,10.5
2022-03-13,Dourados,24.7,1013.5,0,8.0
2022-03-13,Três Lagoas,26.0,1013.0,0,15.1
2022-03-13,Corumbá,25.0,1012.6,0,2.7
2022-03-13,Ponta Porã,21.3,1014.5,0,6.2
2022-03-13,Aquidauana,23.9,1012.6,0,26.7
2022-03-14,Campo Grande,25.7,1012.7,0,1.1
2022-03-14,Dourados,25.0,1012.8,0,0.0
2022-03-14,Três Lagoas,26.1,1012.0,0,4.3
2022-03-14,Corumbá,25.4,1011.8,0,0.0
2022-03-14,Ponta Porã,21.6,1014.1,0,0.0
2022-03-14,Aquidauana,25.6,1011.3,0,0.0
2022-03-15,Campo Grande,25.3,1012.6,0,0.0
2022-03-15,Dourados,24.4,1013.0,0,0.0
2022-03-15,Três Lagoas,26.4,1011.5,0,0.5
2022-03-15,Corumbá,25.6,1011.7,0,0.0
2022-03-15,Ponta Porã,20.7,1014.4,0,0.0
2022-03-15,Aquidauana,25.3,1011.6,0,0.0
2022-03-16,Campo Grande,25.8,1011.7,0,0.0
2022-03-16,Dourados,25.4,1011.7,0,0.0
2022-03-16,Três Lagoas,27.2,1011.1,0,0.8
2022-03-16,Corumbá,25.8,1010.1,0,0.0
2022-03-16,Ponta Porã,23.2,1013.1,0,0.0
2022-03-16,Aquidauana,25.5,1010.1,0,0.0
2022-03-17,Campo Grande,27.4,1010.8,0,0.7
2022-03-17,Dourados,27.6,1010.5,0,0.2
2022-03-17,Três Lagoas,28.7,1011.3,0,1.1
2022-03-17,Corumbá,28.3,1008.9,0,0.0
2022-03-17,Ponta Porã,25.8,1011.5,0,0.3
2022-03-17,Aquidauana,27.7,1009.3,0,0.2
2022-03-18,Campo Grande,28.1,1012.5,0,12.3
2022-03-18,Dourados,27.8,1012.1,0,5.0
2022-03-18,Três Lagoas,28.7,1012.7,0,3.6
2022-03-18,Corumbá,27.7,1010.9,0,0.4
2022-03-18,Ponta Porã,24.7,1014.1,0,8.8
2022-03-18,Aquidauana,28.3,1011.4,0,0.9
2022-03-19,Campo Grande,27.1,1013.4,0,12.9
2022-03-19,Dourados,25.8,1014.0,0,17.3
2022-03-19,Três Lagoas,27.5,1013.1,0,0.5
2022-03-19,Corumbá,26.9,1012.0,0,9.1
2022-03-19,Ponta Porã,22.9,1015.6,0,21.4
2022-03-19,Aquidauana,26.4,1012.3,0,23.9
2022-03-20,Campo Grande,26.1,1013.9,0,9.8
2022-03-20,Dourados,26.0,1014.5,0,0.2
2022-03-20,Três Lagoas,25.7,1013.9,0,21.2
2022-03-20,Corumbá,25.5,1012.4,0,7.9
2022-03-20,Ponta Porã,23.1,1015.7,0,0.5
2022-03-20,Aquidauana,26.6,1012.3,0,10.1
2022-03-21,Campo Grande,26.4,1013.8,0,0.1
2022-03-21,Dourados,26.3,1014.3,0,0.2
2022-03-21,Três Lagoas,26.3,1014.8,0,0.0
2022-03-21,Corumbá,26.0,1011.0,0,4.3
2022-03-21,Ponta Porã,23.8,1014.6,0,0.1
2022-03-21,Aquidauana,25.9,1011.8,0,1.5
2022-03-22,Campo Grande,26.9,1012.7,0,10.1
2022-03-22,Dourados,26.4,1013.0,0,1.0
2022-03-22,Três Lagoas,26.6,1014.2,0,0.0
2022-03-22,Corumbá,28.1,1009.6,0,0.3
2022-03-22,Ponta Porã,24.1,1013.5,0,5.4
2022-03-22,Aquidauana,27.3,1010.6,0,1.6
2022-03-23,Campo Grande,28.0,1010.8,0,0.1
2022-03-23,Dourados,27.5,1010.2,0,0.0
2022-03-23,Três Lagoas,27.6,1012.3,0,0.0
2022-03-23,Corumbá,29.0,1007.9,0,0.2
2022-03-23,Ponta Porã,25.5,1010.8,0,0.0
2022-03-23,Aquidauana,28.8,1008.4,0,0.2
2022-03-24,Campo Grande,28.0,1010.1,0,0.6
2022-03-24,Dourados,27.5,1009.4,0,25.2
2022-03-24,Três Lagoas,28.8,1010.9,0,0.1
2022-03-24,Corumbá,29.5,1008.0,0,0.0
2022-03-24,Ponta Porã,25.6,1010.7,0,36.8
2022-03-24,Aquidauana,28.2,1008.6,0,11.9
2022-03-25,Campo Grande,25.8,1011.3,0,3.0
2022-03-25,Dourados,24.2,1010.9,0,8.8
2022-03-25,Três Lagoas,27.3,1011.0,0,3.1
2022-03-25,Corumbá,25.0,1010.9,0,14.5
2022-03-25,Ponta Porã,19.9,1012.4,0,12.8
2022-03-25,Aquidauana,24.8,1010.2,0,25.9
2022-03-26,Campo Grande,24.5,1012.6,0,6.8
2022-03-26,Dourados,22.6,1012.9,0,0.0
2022-03-26,Três Lagoas,26.4,1011.7,0,10.0
2022-03-26,Corumbá,22.5,1012.2,0,0.7
2022-03-26,Ponta Porã,19.4,1013.8,0,0.0
2022-03-26,Aquidauana,22.0,1011.8,0,1.7
2022-03-27,Campo Grande,25.7,1013.3,0,4.2
2022-03-27,Dourados,24.6,1013.6,0,0.0
2022-03-27,Três Lagoas,26.4,1013.1,0,4.5
2022-03-27,Corumbá,25.6,1012.2,0,0.0
2022-03-27,Ponta Porã,21.8,1015.0,0,0.0
2022-03-27,Aquidauana,24.7,1012.5,0,0.1
2022-03-28,Campo Grande,26.9,1013.7,0,0.8
2022-03-28,Dourados,26.0,1014.1,0,0.5
2022-03-28,Três Lagoas,27.1,1014.2,0,0.2
2022-03-28,Corumbá,27.6,1011.8,0,0.0
2022-03-28,Ponta Porã,24.4,1015.5,0,0.4
2022-03-28,Aquidauana,26.8,1012.3,0,0.2
2022-03-29,Campo Grande,28.3,1011.4,0,0.5
2022-03-29,Dourados,28.0,1011.2,0,0.1
2022-03-29,Três Lagoas,28.2,1012.4,0,0.0
2022-03-29,Corumbá,29.0,1008.8,0,0.0
2022-03-29,Ponta Porã,25.7,1012.4,0,0.0
2022-03-29,Aquidauana,28.2,1009.5,0,0.0
2022-03-30,Campo Grande,28.0,1010.5,0,1.3
2022-03-30,Dourados,27.1,1010.3,0,13.0
2022-03-30,Três Lagoas,28.2,1010.7,0,0.0
2022-03-30,Corumbá,27.3,1009.2,0,26.3
2022-03-30,Ponta Porã,23.9,1011.8,0,10.6
2022-03-30,Aquidauana,26.6,1009.7,0,6.5
2022-03-31,Campo Grande,24.0,1014.2,0,19.5
2022-03-31,Dourados,21.1,1015.8,0,17.0
2022-03-31,Três Lagoas,26.0,1012.8,0,14.3
2022-03-31,Corumbá,17.9,1016.3,0,4.0
2022-03-31,Ponta Porã,13.5,1017.1,0,19.0
2022-03-31,Aquidauana,20.5,1014.5,0,2.8
2022-04-01,Campo Grande,21.8,1017.7,0,0.5
2022-04-01,Dourados,19.8,1018.4,0,1.2
2022-04-01,Três Lagoas,24.3,1016.3,0,7.3
2022-04-01,Corumbá,18.6,1018.4,0,0.4
2022-04-01,Ponta Porã,14.6,1018.9,0,0.0
2022-04-01,Aquidauana,19.2,1017.5,0,10.8
2022-04-02,Campo Grande,23.7,1016.9,0,0.9
2022-04-02,Dourados,22.4,1017.3,0,0.6
2022-04-02,Três Lagoas,24.9,1016.9,0,0.0
2022-04-02,Corumbá,22.4,1015.5,0,0.0
2022-04-02,Ponta Porã,19.4,1017.8,0,7.7
2022-04-02,Aquidauana,22.7,1015.4,0,0.0
2022-04-03,Campo Grande,25.9,1014.1,0,1.9
2022-04-03,Dourados,24.9,1014.1,0,0.6
2022-04-03,Três Lagoas,26.5,1014.7,0,0.0
2022-04-03,Corumbá,25.9,1011.6,0,0.0
2022-04-03,Ponta Porã,22.9,1015.0,0,0.4
2022-04-03,Aquidauana,26.2,1012.0,0,0.0
2022-04-04,Campo Grande,27.2,1013.4,0,4.3
2022-04-04,Dourados,25.7,1013.5,0,7.2
2022-04-04,Três Lagoas,27.8,1013.6,0,1.9
2022-04-04,Corumbá,28.1,1011.2,0,0.4
2022-04-04,Ponta Porã,24.9,1014.7,0,17.5
2022-04-04,Aquidauana,27.4,1011.9,0,0.3
2022-04-05,Campo Grande,28.0,1013.6,0,0.3
2022-04-05,Dourados,26.6,1013.9,0,0.3
2022-04-05,Três Lagoas,27.9,1013.7,0,0.0
2022-04-05,Corumbá,28.6,1011.4,0,0.0
2022-04-05,Ponta Porã,24.2,1015.5,0,12.9
2022-04-05,Aquidauana,27.9,1012.1,0,0.1
2022-04-06,Campo Grande,28.0,1013.1,0,1.3
2022-04-06,Dourados,27.3,1013.2,0,7.4
2022-04-06,Três Lagoas,28.1,1013.2,0,0.1
2022-04-06,Corumbá,29.1,1010.6,0,0.1
2022-04-06,Ponta Porã,24.9,1014.8,0,0.9
2022-04-06,Aquidauana,28.6,1011.2,0,0.0
2022-04-07,Campo Grande,28.3,1011.8,0,0.7
2022-04-07,Dourados,27.7,1011.9,0,1.5
2022-04-07,Três Lagoas,28.6,1012.2,0,6.6
2022-04-07,Corumbá,29.6,1009.1,0,0.0
2022-04-07,Ponta Porã,24.2,1013.3,0,6.0
2022-04-07,Aquidauana,28.9,1009.7,0,0.2
2022-04-08,Campo Grande,27.8,1012.2,0,0.7
2022-04-08,Dourados,26.5,1012.4,0,0.3
2022-04-08,Três Lagoas,28.4,1012.2,0,5.8
2022-04-08,Corumbá,28.9,1010.3,0,0.0
2022-04-08,Ponta Porã,21.4,1014.1,0,0.4
2022-04-08,Aquidauana,28.5,1010.8,0,0.0
2022-04-09,Campo Grande,27.2,1012.7,0,0.0
2022-04-09,Dourados,26.0,1012.6,0,3.3
2022-04-09,Três Lagoas,27.8,1012.7,0,0.5
2022-04-09,Corumbá,28.9,1010.5,0,0.0
2022-04-09,Ponta Porã,23.9,1014.2,0,10.6
2022-04-09,Aquidauana,28.3,1010.9,0,0.0
2022-04-10,Campo Grande,28.2,1010.8,0,0.7
2022-04-10,Dourados,27.0,1010.4,0,0.0
2022-04-10,Três Lagoas,28.3,1011.1,0,0.0
2022-04-10,Corumbá,29.2,1008.1,0,0.1
2022-04-10,Ponta Porã,25.3,1011.4,0,0.2
2022-04-10,Aquidauana,28.7,1008.6,0,0.0
2022-04-11,Campo Grande,28.1,1009.3,0,5.4
2022-04-11,Dourados,27.3,1008.3,0,4.2
2022-04-11,Três Lagoas,28.0,1010.2,0,6.1
2022-04-11,Corumbá,29.7,1006.8,0,0.2
2022-04-11,Ponta Porã,25.7,1009.3,0,0.3
2022-04-11,Aquidauana,29.5,1007.2,0,0.1
2022-04-12,Campo Grande,27.2,1009.5,0,5.0
2022-04-12,Dourados,25.7,1008.7,0,4.5
2022-04-12,Três Lagoas,28.1,1009.9,0,0.1
2022-04-12,Corumbá,28.7,1007.4,0,9.8
2022-04-12,Ponta Porã,23.1,1009.5,0,24.3
2022-04-12,Aquidauana,27.5,1007.9,0,9.8
2022-04-13,Campo Grande,25.1,1011.3,0,24.0
2022-04-13,Dourados,24.4,1011.1,0,27.6
2022-04-13,Três Lagoas,26.2,1011.0,0,4.9
2022-04-13,Corumbá,26.6,1009.3,0,8.4
2022-04-13,Ponta Porã,21.1,1012.2,0,10.4
2022-04-13,Aquidauana,24.8,1009.8,0,32.2
2022-04-14,Campo Grande,23.5,1013.5,0,16.7
2022-04-14,Dourados,22.4,1014.6,0,0.4
2022-04-14,Três Lagoas,24.8,1012.1,0,8.4
2022-04-14,Corumbá,24.3,1012.9,0,1.0
2022-04-14,Ponta Porã,18.7,1016.4,0,0.6
2022-04-14,Aquidauana,24.5,1012.4,0,29.3
2022-04-15,Campo Grande,22.7,1014.9,0,0.0
2022-04-15,Dourados,21.1,1015.8,0,0.0
2022-04-15,Três Lagoas,24.2,1013.9,0,0.0
2022-04-15,Corumbá,22.6,1013.7,0,0.0
2022-04-15,Ponta Porã,17.7,1016.5,0,0.0
2022-04-15,Aquidauana,21.8,1013.6,0,0.0
2022-04-16,Campo Grande,23.2,1015.8,0,0.0
2022-04-16,Dourados,21.9,1016.6,0,0.0
2022-04-16,Três Lagoas,23.2,1016.3,0,0.0
2022-04-16,Corumbá,24.1,1013.5,0,0.0
2022-04-16,Ponta Porã,18.9,1017.1,0,0.0
2022-04-16,Aquidauana,22.9,1014.2,0,0.0
2022-04-17,Campo Grande,22.7,1016.7,0,0.0
2022-04-17,Dourados,21.9,1017.3,0,0.3
2022-04-17,Três Lagoas,22.3,1017.0,0,0.0
2022-04-17,Corumbá,24.8,1014.4,0,0.0
2022-04-17,Ponta Porã,18.9,1017.8,0,0.5
2022-04-17,Aquidauana,22.4,1015.1,0,0.0
2022-04-18,Campo Grande,23.3,1016.1,0,0.0
2022-04-18,Dourados,22.5,1016.6,0,0.0
2022-04-18,Três Lagoas,22.8,1016.2,0,0.0
2022-04-18,Corumbá,24.5,1014.1,0,0.0
2022-04-18,Ponta Porã,19.4,1017.3,0,0.0
2022-04-18,Aquidauana,22.7,1014.7,0,0.0
2022-04-19,Campo Grande,24.3,1015.1,0,0.0
2022-04-19,Dourados,23.3,1015.5,0,0.0
2022-04-19,Três Lagoas,24.2,1015.5,0,0.0
2022-04-19,Corumbá,25.8,1012.4,0,0.0
2022-04-19,Ponta Porã,20.7,1016.1,0,0.0
2022-04-19,Aquidauana,23.6,1013.3,0,0.0
2022-04-20,Campo Grande,25.2,1014.5,0,0.0
2022-04-20,Dourados,24.5,1014.7,0,0.0
2022-04-20,Três Lagoas,25.2,1015.1,0,0.0
2022-04-20,Corumbá,27.2,1011.5,0,0.0
2022-04-20,Ponta Porã,22.4,1015.4,0,0.0
2022-04-20,Aquidauana,25.3,1012.4,0,0.0
2022-04-21,Campo Grande,26.0,1013.1,0,0.0
2022-04-21,Dourados,25.5,1012.8,0,0.0
2022-04-21,Três Lagoas,25.9,1013.6,0,0.0
2022-04-21,Corumbá,27.5,1010.3,0,0.0
2022-04-21,Ponta Porã,23.3,1013.2,0,0.0
2022-04-21,Aquidauana,25.8,1010.8,0,0.0
2022-04-22,Campo Grande,26.0,1009.1,0,0.0
2022-04-22,Dourados,25.3,1008.0,0,0.0
2022-04-22,Três Lagoas,26.2,1009.7,0,0.0
2022-04-22,Corumbá,27.5,1006.4,0,1.9
2022-04-22,Ponta Porã,24.6,1008.1,0,0.6
2022-04-22,Aquidauana,26.3,1006.6,0,0.0
2022-04-23,Campo Grande,24.9,1010.2,0,13.0
2022-04-23,Dourados,24.4,1009.5,0,20.1
2022-04-23,Três Lagoas,24.1,1011.0,0,8.7
2022-04-23,Corumbá,28.1,1007.6,0,0.2
2022-04-23,Ponta Porã,21.4,1011.1,0,24.0
2022-04-23,Aquidauana,25.3,1008.9,0,44.6
2022-04-24,Campo Grande,26.4,1012.9,0,0.7
2022-04-24,Dourados,26.1,1012.6,0,0.8
2022-04-24,Três Lagoas,26.5,1014.2,0,0.0
2022-04-24,Corumbá,28.2,1010.2,0,0.0
2022-04-24,Ponta Porã,23.1,1013.9,0,0.8
2022-04-24,Aquidauana,26.2,1011.5,0,1.6
2022-04-25,Campo Grande,24.5,1014.5,0,0.0
2022-04-25,Dourados,24.1,1012.4,0,0.0
2022-04-25,Três Lagoas,26.6,1013.8,0,0.0
2022-04-25,Corumbá,29.3,1009.9,0,0.0
2022-04-25,Ponta Porã,24.7,1013.3,0,0.0
2022-04-25,Aquidauana,28.0,1010.8,0,0.0
2022-04-26,Campo Grande,25.0,1011.9,0,0.0
2022-04-26,Dourados,25.5,1011.2,0,0.0
2022-04-26,Três Lagoas,27.5,1013.0,0,0.0
2022-04-26,Corumbá,30.0,1008.9,0,0.0
2022-04-26,Ponta Porã,25.7,1012.2,0,0.0
2022-04-26,Aquidauana,28.5,1009.8,0,0.0
2022-04-27,Campo Grande,26.8,1011.0,0,0.0
2022-04-27,Dourados,27.2,1010.2,0,0.0
2022-04-27,Três Lagoas,27.6,1012.3,0,0.0
2022-04-27,Corumbá,29.6,1008.3,0,0.0
2022-04-27,Ponta Porã,25.8,1011.3,0,0.0
2022-04-27,Aquidauana,28.4,1009.3,0,0.0
2022-04-28,Campo Grande,27.3,1013.6,0,0.0
2022-04-28,Dourados,27.1,1013.2,0,0.0
2022-04-28,Três Lagoas,27.6,1014.2,0,0.0
2022-04-28,Corumbá,28.6,1011.5,0,0.0
2022-04-28,Ponta Porã,25.2,1015.1,0,0.0
2022-04-28,Aquidauana,27.6,1012.4,0,0.0
2022-04-29,Campo Grande,27.0,1015.3,0,0.0
2022-04-29,Dourados,26.7,1015.5,0,0.0
2022-04-29,Três Lagoas,27.6,1015.4,0,0.0
2022-04-29,Corumbá,28.1,1013.5,0,0.0
2022-04-29,Ponta Porã,24.6,1016.9,0,0.0
2022-04-29,Aquidauana,26.6,1014.1,0,0.0
2022-04-30,Campo Grande,26.6,1014.6,0,0.0
2022-04-30,Dourados,26.3,1014.7,0,0.0
2022-04-30,Três Lagoas,26.6,1015.4,0,0.0
2022-04-30,Corumbá,27.3,1012.5,0,0.0
2022-04-30,Ponta Porã,23.1,1015.7,0,0.0
2022-04-30,Aquidauana,26.2,1012.6,0,0.0
2022-05-01,Campo Grande,26.5,1013.1,0,0.0
2022-05-01,Dourados,26.2,1012.8,0,0.0
2022-05-01,Três Lagoas,27.1,1013.4,0,0.0
2022-05-01,Corumbá,27.8,1010.9,0,0.3
2022-05-01,Ponta Porã,23.9,1013.7,0,0.0
2022-05-01,Aquidauana,25.9,1011.4,0,0.0
2022-05-02,Campo Grande,26.5,1012.8,0,0.0
2022-05-02,Dourados,26.1,1012.3,0,0.0
2022-05-02,Três Lagoas,27.2,1013.1,0,0.0
2022-05-02,Corumbá,28.6,1010.6,0,0.0
2022-05-02,Ponta Porã,22.5,1013.5,0,0.2
2022-05-02,Aquidauana,26.4,1011.2,0,0.0
2022-05-03,Campo Grande,22.8,1014.4,0,3.5
2022-05-03,Dourados,21.2,1014.6,0,22.0
2022-05-03,Três Lagoas,26.2,1012.7,0,0.5
2022-05-03,Corumbá,20.8,1015.8,0,19.3
2022-05-03,Ponta Porã,15.0,1015.9,0,23.1
2022-05-03,Aquidauana,21.0,1014.6,0,11.1
2022-05-04,Campo Grande,19.8,1018.1,0,0.0
2022-05-04,Dourados,17.8,1017.8,0,0.0
2022-05-04,Três Lagoas,22.1,1016.2,0,2.5
2022-05-04,Corumbá,18.2,1018.0,0,0.0
2022-05-04,Ponta Porã,12.6,1018.3,0,0.0
2022-05-04,Aquidauana,16.9,1017.7,0,0.0
2022-05-05,Campo Grande,20.2,1018.1,0,0.0
2022-05-05,Dourados,19.2,1018.2,0,0.1
2022-05-05,Três Lagoas,21.0,1017.8,0,0.0
2022-05-05,Corumbá,19.3,1017.3,0,0.0
2022-05-05,Ponta Porã,15.3,1019.3,0,0.0
2022-05-05,Aquidauana,17.8,1017.8,0,0.0
2022-05-06,Campo Grande,20.9,1019.2,0,0.0
2022-05-06,Dourados,20.7,1019.7,0,0.0
2022-05-06,Três Lagoas,21.5,1019.2,0,0.0
2022-05-06,Corumbá,21.0,1017.8,0,0.0
2022-05-06,Ponta Porã,17.3,1020.4,0,0.0
2022-05-06,Aquidauana,19.8,1018.4,0,0.0
2022-05-07,Campo Grande,21.1,1019.3,0,0.0
2022-05-07,Dourados,21.0,1019.9,0,0.0
2022-05-07,Três Lagoas,21.5,1019.4,0,0.0
2022-05-07,Corumbá,22.3,1017.4,0,0.0
2022-05-07,Ponta Porã,18.3,1020.4,0,0.0
2022-05-07,Aquidauana,21.0,1017.9,0,0.0
2022-05-08,Campo Grande,21.8,1017.4,0,0.0
2022-05-08,Dourados,21.1,1017.9,0,0.0
2022-05-08,Três Lagoas,22.0,1017.8,0,0.0
2022-05-08,Corumbá,23.4,1014.6,0,0.0
2022-05-08,Ponta Porã,17.7,1018.1,0,0.0
2022-05-08,Aquidauana,21.2,1015.7,0,0.0
2022-05-09,Campo Grande,23.2,1016.5,0,0.0
2022-05-09,Dourados,22.2,1017.0,0,0.0
2022-05-09,Três Lagoas,23.2,1016.9,0,0.0
2022-05-09,Corumbá,26.3,1013.8,0,0.0
2022-05-09,Ponta Porã,20.8,1017.8,0,0.1
2022-05-09,Aquidauana,23.2,1014.8,0,0.0
2022-05-10,Campo Grande,23.7,1015.2,0,0.0
2022-05-10,Dourados,22.7,1015.9,0,5.8
2022-05-10,Três Lagoas,24.8,1015.4,0,0.0
2022-05-10,Corumbá,25.4,1013.3,0,0.0
2022-05-10,Ponta Porã,18.7,1016.4,0,6.1
2022-05-10,Aquidauana,23.5,1013.9,0,0.2
2022-05-11,Campo Grande,22.3,1015.9,0,1.2
2022-05-11,Dourados,21.5,1016.5,0,0.0
2022-05-11,Três Lagoas,23.4,1015.1,0,0.2
2022-05-11,Corumbá,23.9,1014.6,0,0.8
2022-05-11,Ponta Porã,17.5,1017.4,0,0.3
2022-05-11,Aquidauana,22.5,1014.7,0,2.7
2022-05-12,Campo Grande,21.7,1016.1,0,0.0
2022-05-12,Dourados,20.0,1016.5,0,0.0
2022-05-12,Três Lagoas,22.6,1015.7,0,0.0
2022-05-12,Corumbá,23.9,1014.0,0,0.0
2022-05-12,Ponta Porã,16.0,1016.7,0,0.0
2022-05-12,Aquidauana,21.0,1014.7,0,0.0
2022-05-13,Campo Grande,23.2,1015.0,0,0.0
2022-05-13,Dourados,21.4,1015.3,0,0.0
2022-05-13,Três Lagoas,23.5,1015.8,0,0.0
2022-05-13,Corumbá,26.0,1011.9,0,0.0
2022-05-13,Ponta Porã,19.0,1015.9,0,0.0
2022-05-13,Aquidauana,23.4,1013.1,0,0.0
2022-05-14,Campo Grande,23.6,1014.3,0,8.7
2022-05-14,Dourados,21.2,1014.6,0,7.3
2022-05-14,Três Lagoas,23.8,1015.1,0,3.3
2022-05-14,Corumbá,25.1,1011.5,0,5.0
2022-05-14,Ponta Porã,17.8,1014.7,0,3.9
2022-05-14,Aquidauana,23.8,1012.3,0,4.5
2022-05-15,Campo Grande,22.6,1014.9,0,2.9
2022-05-15,Dourados,21.1,1015.1,0,0.3
2022-05-15,Três Lagoas,23.4,1014.2,0,18.7
2022-05-15,Corumbá,21.6,1014.6,0,49.1
2022-05-15,Ponta Porã,16.3,1016.6,0,1.7
2022-05-15,Aquidauana,21.3,1014.2,0,3.9
2022-05-16,Campo Grande,19.6,1020.0,0,0.0
2022-05-16,Dourados,18.1,1021.0,0,0.0
2022-05-16,Três Lagoas,20.7,1018.0,0,0.1
2022-05-16,Corumbá,19.3,1020.6,0,0.0
2022-05-16,Ponta Porã,12.8,1022.1,0,0.0
2022-05-16,Aquidauana,18.7,1020.0,0,0.0
2022-05-17,Campo Grande,16.3,1023.4,0,0.0
2022-05-17,Dourados,15.1,1023.7,0,0.0
2022-05-17,Três Lagoas,17.1,1021.7,0,0.0
2022-05-17,Corumbá,15.9,1023.5,0,0.0
2022-05-17,Ponta Porã,9.6,1023.8,0,0.0
2022-05-17,Aquidauana,14.2,1023.2,0,0.0
2022-05-18,Campo Grande,14.7,1023.3,0,0.0
2022-05-18,Dourados,13.9,1023.3,0,0.0
2022-05-18,Três Lagoas,15.2,1021.8,0,0.0
2022-05-18,Corumbá,14.3,1023.4,0,0.0
2022-05-18,Ponta Porã,8.6,1023.2,0,0.0
2022-05-18,Aquidauana,12.5,1023.0,0,0.0
2022-05-19,Campo Grande,15.2,1020.9,0,0.0
2022-05-19,Dourados,14.8,1021.0,0,0.0
2022-05-19,Três Lagoas,15.6,1020.2,0,0.0
2022-05-19,Corumbá,14.7,1019.6,0,0.0
2022-05-19,Ponta Porã,9.7,1020.8,0,0.0
2022-05-19,Aquidauana,13.3,1019.9,0,0.0
2022-05-20,Campo Grande,16.9,1020.3,0,0.0
2022-05-20,Dourados,16.3,1020.4,0,0.0
2022-05-20,Três Lagoas,17.4,1020.6,0,0.0
2022-05-20,Corumbá,16.6,1018.4,0,0.0
2022-05-20,Ponta Porã,11.6,1020.3,0,0.0
2022-05-20,Aquidauana,14.8,1019.2,0,0.0
2022-05-21,Campo Grande,18.3,1020.4,0,0.0
2022-05-21,Dourados,17.4,1020.9,0,0.0
2022-05-21,Três Lagoas,18.5,1021.3,0,0.0
2022-05-21,Corumbá,18.4,1018.1,0,0.0
2022-05-21,Ponta Porã,14.2,1020.9,0,0.0
2022-05-21,Aquidauana,17.1,1019.1,0,0.0
2022-05-22,Campo Grande,19.6,1019.6,0,0.0
2022-05-22,Dourados,18.6,1019.8,0,0.0
2022-05-22,Três Lagoas,19.6,1020.2,0,0.0
2022-05-22,Corumbá,20.6,1016.9,0,0.0
2022-05-22,Ponta Porã,15.5,1019.6,0,0.0
2022-05-22,Aquidauana,18.8,1017.7,0,0.0
2022-05-23,Campo Grande,21.4,1017.0,0,0.0
2022-05-23,Dourados,20.1,1017.0,0,0.0
2022-05-23,Três Lagoas,21.2,1018.0,0,0.0
2022-05-23,Corumbá,23.5,1014.1,0,0.0
2022-05-23,Ponta Porã,18.5,1017.4,0,0.0
2022-05-23,Aquidauana,21.2,1015.1,0,0.0
2022-05-24,Campo Grande,22.8,1016.3,0,0.0
2022-05-24,Dourados,21.5,1016.5,0,0.0
2022-05-24,Três Lagoas,22.7,1017.5,0,0.0
2022-05-24,Corumbá,24.8,1013.0,0,0.0
2022-05-24,Ponta Porã,19.7,1016.8,0,0.0
2022-05-24,Aquidauana,23.6,1014.2,0,0.0
2022-05-25,Campo Grande,23.8,1017.0,0,0.0
2022-05-25,Dourados,22.8,1017.2,0,0.0
2022-05-25,Três Lagoas,23.7,1018.5,0,0.0
2022-05-25,Corumbá,25.4,1013.8,0,0.0
2022-05-25,Ponta Porã,20.6,1018.0,0,0.0
2022-05-25,Aquidauana,24.4,1014.9,0,0.0
2022-05-26,Campo Grande,23.9,1017.3,0,
2022-05-26,Dourados,22.5,1017.4,0,
2022-05-26,Três Lagoas,23.2,1018.6,0,
2022-05-26,Corumbá,27.9,1014.9,0,
2022-05-26,Ponta Porã,23.1,1017.1,0,0.0
2022-05-27,Campo Grande,24.2,1015.4,0,
2022-05-27,Dourados,23.1,1015.2,0,
2022-05-27,Três Lagoas,23.2,1016.5,0,
2022-05-27,Corumbá,30.2,1013.3,0,
2022-05-27,Ponta Porã,23.0,1014.5,0,0.0
2022-05-28,Campo Grande,24.2,1012.6,0,0.0
2022-05-28,Dourados,23.0,1012.4,0,0.0
2022-05-28,Três Lagoas,24.3,1013.6,0,0.0
2022-05-28,Corumbá,26.4,1010.7,0,0.0
2022-05-28,Ponta Porã,22.5,1013.4,0,0.0
2022-05-28,Aquidauana,25.6,1011.2,0,0.0
2022-05-29,Campo Grande,23.7,1011.8,0,0.0
2022-05-29,Dourados,22.0,1011.9,0,0.5
2022-05-29,Três Lagoas,24.4,1012.5,0,0.0
2022-05-29,Corumbá,27.1,1009.0,0,0.1
2022-05-29,Ponta Porã,22.6,1011.1,0,1.4
2022-05-29,Aquidauana,26.2,1009.3,0,0.4
2022-05-30,Campo Grande,22.1,1014.2,0,0.9
2022-05-30,Dourados,20.1,1014.8,0,14.1
2022-05-30,Três Lagoas,23.2,1014.4,0,3.0
2022-05-30,Corumbá,23.4,1011.6,0,0.3
2022-05-30,Ponta Porã,16.9,1013.6,0,5.9
2022-05-30,Aquidauana,22.6,1011.5,0,7.9
2022-05-31,Campo Grande,20.7,1016.0,0,20.3
2022-05-31,Dourados,19.1,1016.8,0,20.2
2022-05-31,Três Lagoas,21.9,1015.8,0,0.0
2022-05-31,Corumbá,19.8,1013.9,0,2.0
2022-05-31,Ponta Porã,13.9,1015.3,0,3.8
2022-05-31,Aquidauana,20.9,1013.3,0,4.4
2022-06-01,Campo Grande,21.1,1016.2,0,0.1
2022-06-01,Dourados,19.2,1016.9,0,0.1
2022-06-01,Três Lagoas,22.0,1016.2,0,0.0
2022-06-01,Corumbá,20.5,1012.8,0,0.0
2022-06-01,Ponta Porã,15.1,1014.7,0,0.2
2022-06-01,Aquidauana,20.7,1012.8,0,0.0
2022-06-02,Campo Grande,20.9,1015.3,0,0.0
2022-06-02,Dourados,18.4,1015.2,0,2.7
2022-06-02,Três Lagoas,24.0,1012.9,0,0.0
2022-06-02,Corumbá,20.0,1014.8,0,0.0
2022-06-02,Ponta Porã,14.2,1016.4,0,5.9
2022-06-02,Aquidauana,20.0,1014.6,0,0.0
2022-06-03,Campo Grande,19.6,1018.1,0,0.0
2022-06-03,Dourados,17.2,1018.5,0,0.0
2022-06-03,Três Lagoas,20.4,1017.2,0,0.0
2022-06-03,Corumbá,20.0,1017.0,0,0.0
2022-06-03,Ponta Porã,15.1,1019.1,0,0.0
2022-06-03,Aquidauana,20.6,1016.9,0,0.0
2022-06-04,Campo Grande,21.7,1016.4,0,0.0
2022-06-04,Dourados,19.8,1017.1,0,0.0
2022-06-04,Três Lagoas,22.3,1016.8,0,0.0
2022-06-04,Corumbá,22.9,1014.3,0,0.0
2022-06-04,Ponta Porã,18.7,1017.5,0,0.0
2022-06-04,Aquidauana,22.8,1015.0,0,0.0
2022-06-05,Campo Grande,24.4,1014.6,0,0.0
2022-06-05,Dourados,21.2,1015.3,0,0.0
2022-06-05,Três Lagoas,22.2,1015.5,0,0.0
2022-06-05,Corumbá,25.8,1012.0,0,0.0
2022-06-05,Ponta Porã,20.0,1015.9,0,0.0
2022-06-05,Aquidauana,25.1,1013.1,0,0.0
2022-06-06,Campo Grande,25.6,1012.6,0,0.0
2022-06-06,Dourados,22.3,1012.7,0,0.3
2022-06-06,Três Lagoas,24.0,1012.9,0,0.0
2022-06-06,Corumbá,26.5,1011.0,0,0.0
2022-06-06,Ponta Porã,21.8,1013.8,0,0.0
2022-06-06,Aquidauana,24.7,1011.6,0,0.0
2022-06-07,Campo Grande,24.2,1012.1,0,0.0
2022-06-07,Dourados,20.7,1012.1,0,6.3
2022-06-07,Três Lagoas,24.9,1010.8,0,0.0
2022-06-07,Corumbá,24.2,1011.5,0,0.0
2022-06-07,Ponta Porã,17.8,1013.3,0,0.4
2022-06-07,Aquidauana,23.5,1011.4,0,0.0
2022-06-08,Campo Grande,21.6,1013.4,0,14.3
2022-06-08,Dourados,19.4,1013.7,0,16.7
2022-06-08,Três Lagoas,21.9,1012.9,0,18.7
2022-06-08,Corumbá,23.3,1011.4,0,11.1
2022-06-08,Ponta Porã,18.0,1014.6,0,17.4
2022-06-08,Aquidauana,22.0,1012.3,0,11.4
2022-06-09,Campo Grande,19.8,1015.3,0,4.9
2022-06-09,Dourados,18.9,1014.7,0,19.1
2022-06-09,Três Lagoas,21.1,1014.5,0,0.7
2022-06-09,Corumbá,22.1,1013.5,0,12.1
2022-06-09,Ponta Porã,18.4,1015.4,0,18.1
2022-06-09,Aquidauana,20.9,1014.1,0,5.6
2022-06-10,Campo Grande,18.3,1018.8,0,3.2
2022-06-10,Dourados,18.0,1018.9,0,0.7
2022-06-10,Três Lagoas,20.5,1016.5,0,3.4
2022-06-10,Corumbá,20.2,1018.7,0,3.4
2022-06-10,Ponta Porã,14.4,1020.9,0,2.3
2022-06-10,Aquidauana,20.1,1018.1,0,1.3
2022-06-11,Campo Grande,13.8,1021.8,0,0.0
2022-06-11,Dourados,12.7,1022.3,0,0.0
2022-06-11,Três Lagoas,18.2,1018.6,0,0.0
2022-06-11,Corumbá,16.8,1021.1,0,0.0
2022-06-11,Ponta Porã,10.1,1023.2,0,0.0
2022-06-11,Aquidauana,16.1,1020.9,0,0.0
2022-06-12,Campo Grande,12.6,1022.5,0,0.0
2022-06-12,Dourados,10.6,1023.1,0,0.0
2022-06-12,Três Lagoas,14.7,1020.6,0,0.0
2022-06-12,Corumbá,14.6,1021.8,0,0.0
2022-06-12,Ponta Porã,10.3,1023.4,0,0.0
2022-06-12,Aquidauana,13.7,1022.0,0,0.0
2022-06-13,Campo Grande,14.7,1021.0,0,0.0
2022-06-13,Dourados,11.6,1021.5,0,0.0
2022-06-13,Três Lagoas,15.0,1020.2,0,0.0
2022-06-13,Corumbá,14.8,1019.8,0,0.0
2022-06-13,Ponta Porã,12.1,1021.4,0,0.0
2022-06-13,Aquidauana,13.6,1020.3,0,0.0
2022-06-14,Campo Grande,16.7,1018.5,0,0.0
2022-06-14,Dourados,15.9,1018.6,0,0.0
2022-06-14,Três Lagoas,16.9,1019.6,0,1.7
2022-06-14,Corumbá,17.2,1015.4,0,0.0
2022-06-14,Ponta Porã,14.0,1017.9,0,0.0
2022-06-14,Aquidauana,16.5,1016.3,0,0.0
2022-06-15,Campo Grande,21.2,1016.8,0,0.0
2022-06-15,Dourados,19.9,1016.7,0,0.0
2022-06-15,Três Lagoas,20.8,1018.2,0,2.1
2022-06-15,Corumbá,20.7,1013.7,0,0.0
2022-06-15,Ponta Porã,18.0,1016.7,0,0.0
2022-06-15,Aquidauana,20.1,1014.6,0,0.0
2022-06-16,Campo Grande,24.7,1014.4,0,0.0
2022-06-16,Dourados,23.2,1014.0,0,0.0
2022-06-16,Três Lagoas,23.4,1015.6,0,0.0
2022-06-16,Corumbá,24.3,1011.6,0,0.0
2022-06-16,Ponta Porã,21.1,1014.5,0,0.0
2022-06-16,Aquidauana,24.3,1012.2,0,0.0
2022-06-17,Campo Grande,23.4,1013.2,0,29.4
2022-06-17,Dourados,21.8,1012.4,0,6.1
2022-06-17,Três Lagoas,24.8,1012.9,0,11.4
2022-06-17,Corumbá,23.6,1011.8,0,18.9
2022-06-17,Ponta Porã,19.8,1013.2,0,28.4
2022-06-17,Aquidauana,21.8,1012.2,0,6.3
2022-06-18,Campo Grande,17.8,1019.2,0,0.1
2022-06-18,Dourados,15.9,1019.9,0,0.0
2022-06-18,Três Lagoas,19.7,1018.0,0,5.5
2022-06-18,Corumbá,18.6,1017.5,0,0.0
2022-06-18,Ponta Porã,12.2,1020.3,0,0.0
2022-06-18,Aquidauana,17.8,1017.7,0,0.0
2022-06-19,Campo Grande,18.7,1018.5,0,0.0
2022-06-19,Dourados,16.2,1018.9,0,7.7
2022-06-19,Três Lagoas,18.9,1018.9,0,0.5
2022-06-19,Corumbá,20.2,1015.3,0,0.0
2022-06-19,Ponta Porã,13.5,1018.0,0,20.7
2022-06-19,Aquidauana,19.3,1016.0,0,0.0
2022-06-20,Campo Grande,22.5,1016.5,0,0.0
2022-06-20,Dourados,20.3,1016.5,0,0.0
2022-06-20,Três Lagoas,21.9,1017.7,0,0.0
2022-06-20,Corumbá,23.3,1013.4,0,0.0
2022-06-20,Ponta Porã,17.8,1016.1,0,5.4
2022-06-20,Aquidauana,22.7,1014.2,0,0.0
2022-06-21,Campo Grande,25.1,1013.8,0,0.0
2022-06-21,Dourados,24.0,1012.8,0,0.0
2022-06-21,Três Lagoas,24.6,1015.2,0,0.0
2022-06-21,Corumbá,24.7,1011.1,0,0.0
2022-06-21,Ponta Porã,21.8,1013.2,0,0.0
2022-06-21,Aquidauana,24.3,1011.8,0,0.0
2022-06-22,Campo Grande,26.0,1013.5,0,0.0
2022-06-22,Dourados,25.0,1012.4,0,0.0
2022-06-22,Três Lagoas,25.8,1014.3,0,0.0
2022-06-22,Corumbá,24.6,1011.4,0,0.0
2022-06-22,Ponta Porã,23.2,1012.9,0,0.0
2022-06-22,Aquidauana,24.3,1011.9,0,0.0
2022-06-23,Campo Grande,25.3,1015.4,0,0.0
2022-06-23,Dourados,24.4,1014.8,0,0.0
2022-06-23,Três Lagoas,25.4,1015.9,0,0.0
2022-06-23,Corumbá,24.7,1013.1,0,0.0
2022-06-23,Ponta Porã,22.5,1015.7,0,0.0
2022-06-23,Aquidauana,23.7,1013.8,0,0.0
2022-06-24,Campo Grande,24.8,1016.9,0,0.0
2022-06-24,Dourados,24.0,1016.6,0,0.0
2022-06-24,Três Lagoas,24.6,1017.1,0,0.0
2022-06-24,Corumbá,24.6,1014.4,0,0.0
2022-06-24,Ponta Porã,21.8,1017.8,0,0.0
2022-06-24,Aquidauana,23.5,1015.3,0,0.0
2022-06-25,Campo Grande,23.1,1019.3,0,0.0
2022-06-25,Dourados,22.2,1019.7,0,0.0
2022-06-25,Três Lagoas,23.7,1018.7,0,0.0
2022-06-25,Corumbá,22.0,1017.9,0,0.0
2022-06-25,Ponta Porã,19.9,1020.8,0,0.0
2022-06-25,Aquidauana,22.1,1017.7,0,0.0
2022-06-26,Campo Grande,21.2,1018.4,0,0.0
2022-06-26,Dourados,20.7,1018.9,0,0.0
2022-06-26,Três Lagoas,21.5,1018.6,0,0.0
2022-06-26,Corumbá,19.6,1017.2,0,0.0
2022-06-26,Ponta Porã,17.8,1019.3,0,0.0
2022-06-26,Aquidauana,21.0,1017.0,0,0.0
2022-06-27,Campo Grande,21.4,1016.8,0,0.0
2022-06-27,Dourados,20.7,1016.8,0,0.0
2022-06-27,Três Lagoas,21.1,1017.7,0,0.0
2022-06-27,Corumbá,21.3,1014.0,0,0.0
2022-06-27,Ponta Porã,18.0,1016.8,0,0.0
2022-06-27,Aquidauana,21.6,1014.4,0,0.0
2022-06-28,Campo Grande,22.7,1016.7,0,0.0
2022-06-28,Dourados,21.7,1016.6,0,0.0
2022-06-28,Três Lagoas,22.8,1016.7,0,0.0
2022-06-28,Corumbá,23.9,1014.8,0,0.0
2022-06-28,Ponta Porã,19.1,1017.7,0,0.0
2022-06-28,Aquidauana,22.0,1015.6,0,0.0
2022-06-29,Campo Grande,21.0,1017.8,0,0.0
2022-06-29,Dourados,18.8,1018.1,0,0.0
2022-06-29,Três Lagoas,21.7,1017.2,0,0.0
2022-06-29,Corumbá,20.8,1017.1,0,0.0
2022-06-29,Ponta Porã,14.9,1018.9,0,0.0
2022-06-29,Aquidauana,20.1,1017.0,0,0.0
2022-06-30,Campo Grande,21.5,1016.8,0,0.0
2022-06-30,Dourados,19.8,1016.7,0,0.0
2022-06-30,Três Lagoas,21.7,1017.2,0,0.0
2022-06-30,Corumbá,22.4,1014.1,0,0.0
2022-06-30,Ponta Porã,18.2,1017.0,0,0.0
2022-06-30,Aquidauana,21.1,1014.9,0,0.0
2022-07-01,Campo Grande,23.3,1014.2,0,0.0
2022-07-01,Dourados,21.9,1013.6,0,0.0
2022-07-01,Três Lagoas,22.7,1015.6,0,0.0
2022-07-01,Corumbá,23.7,1011.4,0,0.0
2022-07-01,Ponta Porã,19.7,1014.1,0,0.0
2022-07-01,Aquidauana,23.0,1012.2,0,0.0
2022-07-02,Campo Grande,25.3,1014.6,0,0.0
2022-07-02,Dourados,24.2,1013.8,0,0.0
2022-07-02,Três Lagoas,24.7,1016.0,0,0.0
2022-07-02,Corumbá,25.5,1012.4,0,0.0
2022-07-02,Ponta Porã,22.5,1014.9,0,0.0
2022-07-02,Aquidauana,25.4,1013.3,0,0.0
2022-07-03,Campo Grande,25.7,1017.8,0,0.0
2022-07-03,Dourados,25.3,1017.1,0,0.0
2022-07-03,Três Lagoas,25.0,1019.0,0,0.0
2022-07-03,Corumbá,25.6,1015.3,0,0.0
2022-07-03,Ponta Porã,23.3,1018.1,0,0.0
2022-07-03,Aquidauana,25.6,1016.1,0,0.0
2022-07-04,Campo Grande,25.2,1017.3,0,0.0
2022-07-04,Dourados,24.8,1016.7,0,0.0
2022-07-04,Três Lagoas,24.2,1018.6,0,0.0
2022-07-04,Corumbá,25.5,1014.4,0,0.0
2022-07-04,Ponta Porã,22.1,1017.6,0,0.0
2022-07-04,Aquidauana,25.4,1015.2,0,0.0
2022-07-05,Campo Grande,24.4,1016.6,0,0.0
2022-07-05,Dourados,24.0,1016.0,0,0.0
2022-07-05,Três Lagoas,23.4,1017.7,0,0.0
2022-07-05,Corumbá,24.9,1013.7,0,0.0
2022-07-05,Ponta Porã,20.3,1017.0,0,0.0
2022-07-05,Aquidauana,23.6,1014.7,0,0.0
2022-07-06,Campo Grande,23.3,1015.2,0,0.0
2022-07-06,Dourados,23.2,1014.5,0,0.0
2022-07-06,Três Lagoas,22.5,1016.4,0,0.0
2022-07-06,Corumbá,24.1,1012.3,0,0.0
2022-07-06,Ponta Porã,20.1,1014.7,0,0.0
2022-07-06,Aquidauana,23.0,1013.3,0,0.0
2022-07-07,Campo Grande,24.0,1015.4,0,0.0
2022-07-07,Dourados,23.6,1014.9,0,0.0
2022-07-07,Três Lagoas,23.7,1016.5,0,0.0
2022-07-07,Corumbá,24.7,1012.7,0,0.0
2022-07-07,Ponta Porã,21.8,1015.7,0,0.0
2022-07-07,Aquidauana,24.1,1013.8,0,0.0
2022-07-08,Campo Grande,24.1,1018.1,0,0.0
2022-07-08,Dourados,24.1,1017.6,0,0.0
2022-07-08,Três Lagoas,23.9,1019.0,0,0.0
2022-07-08,Corumbá,25.1,1015.5,0,0.0
2022-07-08,Ponta Porã,22.5,1018.5,0,0.0
2022-07-08,Aquidauana,23.9,1016.3,0,0.0
2022-07-09,Campo Grande,24.2,1017.2,0,0.0
2022-07-09,Dourados,24.0,1016.8,0,0.0
2022-07-09,Três Lagoas,23.9,1018.6,0,0.0
2022-07-09,Corumbá,25.4,1013.8,0,0.0
2022-07-09,Ponta Porã,21.2,1017.4,0,0.0
2022-07-09,Aquidauana,25.0,1014.8,0,0.0
2022-07-10,Campo Grande,25.3,1014.2,0,0.0
2022-07-10,Dourados,24.8,1013.1,0,0.0
2022-07-10,Três Lagoas,24.3,1016.1,0,0.0
2022-07-10,Corumbá,26.8,1010.6,0,0.0
2022-07-10,Ponta Porã,22.2,1013.2,0,0.0
2022-07-10,Aquidauana,25.7,1011.6,0,0.0
2022-07-11,Campo Grande,26.7,1011.2,0,0.0
2022-07-11,Dourados,25.9,1009.6,0,0.0
2022-07-11,Três Lagoas,25.3,1012.9,0,0.0
2022-07-11,Corumbá,26.7,1008.8,0,0.0
2022-07-11,Ponta Porã,23.7,1009.9,0,0.3
2022-07-11,Aquidauana,27.2,1009.2,0,0.0
2022-07-12,Campo Grande,21.1,1016.4,0,10.6
2022-07-12,Dourados,18.7,1017.1,0,2.2
2022-07-12,Três Lagoas,23.3,1015.6,0,0.0
2022-07-12,Corumbá,20.5,1015.8,0,10.9
2022-07-12,Ponta Porã,14.4,1018.3,0,3.1
2022-07-12,Aquidauana,20.7,1015.5,0,13.3
2022-07-13,Campo Grande,20.5,1016.5,0,0.5
2022-07-13,Dourados,17.9,1016.8,0,5.0
2022-07-13,Três Lagoas,23.1,1016.6,0,0.0
2022-07-13,Corumbá,21.6,1013.6,0,0.0
2022-07-13,Ponta Porã,15.6,1016.4,0,5.8
2022-07-13,Aquidauana,21.3,1014.2,0,1.2
2022-07-14,Campo Grande,24.8,1013.0,0,0.0
2022-07-14,Dourados,23.6,1012.1,0,0.0
2022-07-14,Três Lagoas,24.7,1014.6,0,0.0
2022-07-14,Corumbá,25.2,1009.6,0,0.0
2022-07-14,Ponta Porã,21.9,1012.0,0,0.0
2022-07-14,Aquidauana,24.8,1010.5,0,0.0
2022-07-15,Campo Grande,26.3,1011.2,0,0.0
2022-07-15,Dourados,25.4,1009.4,0,0.0
2022-07-15,Três Lagoas,25.9,1012.7,0,0.0
2022-07-15,Corumbá,26.8,1008.2,0,0.0
2022-07-15,Ponta Porã,24.4,1009.6,0,0.0
2022-07-15,Aquidauana,26.4,1009.0,0,0.0
2022-07-16,Campo Grande,27.0,1012.1,0,0.0
2022-07-16,Dourados,24.5,1011.3,0,0.4
2022-07-16,Três Lagoas,26.9,1012.3,0,0.0
2022-07-16,Corumbá,25.2,1010.9,0,0.7
2022-07-16,Ponta Porã,20.0,1012.8,0,1.2
2022-07-16,Aquidauana,25.5,1010.9,0,0.0
2022-07-17,Campo Grande,19.8,1019.9,0,0.0
2022-07-17,Dourados,16.2,1021.0,0,6.5
2022-07-17,Três Lagoas,22.7,1018.3,0,0.0
2022-07-17,Corumbá,18.6,1018.8,0,0.0
2022-07-17,Ponta Porã,11.6,1021.4,0,0.6
2022-07-17,Aquidauana,19.3,1018.6,0,0.0
2022-07-18,Campo Grande,22.5,1019.2,0,0.0
2022-07-18,Dourados,19.5,1019.7,0,0.0
2022-07-18,Três Lagoas,24.1,1019.0,0,0.0
2022-07-18,Corumbá,22.0,1016.8,0,0.0
2022-07-18,Ponta Porã,18.0,1020.0,0,0.0
2022-07-18,Aquidauana,22.7,1017.2,0,0.0
2022-07-19,Campo Grande,24.5,1019.1,0,0.0
2022-07-19,Dourados,22.9,1019.5,0,0.0
2022-07-19,Três Lagoas,25.1,1019.1,0,0.0
2022-07-19,Corumbá,25.3,1016.3,0,0.0
2022-07-19,Ponta Porã,21.1,1020.6,0,0.0
2022-07-19,Aquidauana,24.5,1017.1,0,0.0
2022-07-20,Campo Grande,24.7,1016.4,0,0.0
2022-07-20,Dourados,23.9,1016.2,0,0.0
2022-07-20,Três Lagoas,24.8,1017.0,0,0.0
2022-07-20,Corumbá,25.5,1013.4,0,0.0
2022-07-20,Ponta Porã,21.7,1017.0,0,0.0
2022-07-20,Aquidauana,24.1,1014.1,0,0.0
2022-07-21,Campo Grande,24.7,1014.1,0,0.0
2022-07-21,Dourados,24.0,1013.7,0,0.0
2022-07-21,Três Lagoas,24.8,1015.4,0,0.0
2022-07-21,Corumbá,25.9,1011.1,0,0.0
2022-07-21,Ponta Porã,22.0,1014.5,0,0.0
2022-07-21,Aquidauana,24.4,1012.1,0,0.0
2022-07-22,Campo Grande,24.7,1014.3,0,0.0
2022-07-22,Dourados,23.9,1013.9,0,0.0
2022-07-22,Três Lagoas,24.2,1015.4,0,0.0
2022-07-22,Corumbá,25.6,1011.5,0,0.0
2022-07-22,Ponta Porã,22.4,1014.7,0,0.0
2022-07-22,Aquidauana,24.4,1012.2,0,0.0
2022-07-23,Campo Grande,24.6,1014.5,0,0.0
2022-07-23,Dourados,24.3,1014.0,0,0.0
2022-07-23,Três Lagoas,24.4,1015.4,0,0.0
2022-07-23,Corumbá,26.2,1011.6,0,0.0
2022-07-23,Ponta Porã,22.7,1014.9,0,0.0
2022-07-23,Aquidauana,24.4,1012.4,0,0.0
2022-07-24,Campo Grande,24.9,1015.1,0,0.0
2022-07-24,Dourados,24.4,1015.0,0,0.0
2022-07-24,Três Lagoas,24.2,1016.2,0,0.0
2022-07-24,Corumbá,26.7,1011.8,0,0.0
2022-07-24,Ponta Porã,22.7,1016.2,0,0.0
2022-07-24,Aquidauana,25.3,1012.9,0,0.0
2022-07-25,Campo Grande,25.1,1016.3,0,0.0
2022-07-25,Dourados,24.4,1016.3,0,0.0
2022-07-25,Três Lagoas,24.7,1016.9,0,0.0
2022-07-25,Corumbá,27.0,1013.5,0,0.0
2022-07-25,Ponta Porã,23.3,1017.6,0,0.0
2022-07-25,Aquidauana,24.8,1014.5,0,0.0
2022-07-26,Campo Grande,25.2,1016.7,0,0.0
2022-07-26,Dourados,24.6,1016.7,0,0.0
2022-07-26,Três Lagoas,25.0,1017.2,0,0.0
2022-07-26,Corumbá,26.2,1014.1,0,0.0
2022-07-26,Ponta Porã,23.5,1018.0,0,0.0
2022-07-26,Aquidauana,25.0,1015.0,0,0.0
2022-07-27,Campo Grande,25.8,1015.7,0,0.0
2022-07-27,Dourados,24.7,1015.7,0,0.0
2022-07-27,Três Lagoas,25.1,1016.3,0,0.0
2022-07-27,Corumbá,26.3,1013.2,0,0.0
2022-07-27,Ponta Porã,23.0,1016.9,0,0.0
2022-07-27,Aquidauana,24.9,1014.0,0,0.0
2022-07-28,Campo Grande,26.4,1012.9,0,0.0
2022-07-28,Dourados,25.4,1012.0,0,0.0
2022-07-28,Três Lagoas,26.0,1013.0,0,0.0
2022-07-28,Corumbá,26.4,1011.1,0,0.0
2022-07-28,Ponta Porã,24.1,1013.1,0,0.0
2022-07-28,Aquidauana,24.2,1011.4,0,0.0
2022-07-29,Campo Grande,21.3,1015.5,0,0.0
2022-07-29,Dourados,18.9,1016.5,0,0.0
2022-07-29,Três Lagoas,22.9,1014.1,0,0.3
2022-07-29,Corumbá,21.8,1016.0,0,0.0
2022-07-29,Ponta Porã,14.3,1018.1,0,0.0
2022-07-29,Aquidauana,21.3,1015.0,0,0.0
2022-07-30,Campo Grande,20.1,1016.7,0,0.0
2022-07-30,Dourados,17.6,1017.2,0,0.0
2022-07-30,Três Lagoas,21.2,1016.3,0,0.0
2022-07-30,Corumbá,20.3,1015.2,0,0.0
2022-07-30,Ponta Porã,14.6,1017.4,0,0.0
2022-07-30,Aquidauana,19.1,1015.6,0,0.0
2022-07-31,Campo Grande,23.3,1015.4,0,0.0
2022-07-31,Dourados,20.9,1015.5,0,0.0
2022-07-31,Três Lagoas,23.0,1016.0,0,0.0
2022-07-31,Corumbá,24.4,1012.8,0,0.0
2022-07-31,Ponta Porã,19.7,1016.2,0,0.0
2022-07-31,Aquidauana,23.1,1013.6,0,0.0
2022-08-01,Campo Grande,24.9,1014.8,0,0.0
2022-08-01,Dourados,23.5,1014.6,0,0.0
2022-08-01,Três Lagoas,24.7,1015.3,0,0.0
2022-08-01,Corumbá,27.1,1011.9,0,0.0
2022-08-01,Ponta Porã,23.1,1015.2,0,0.0
2022-08-01,Aquidauana,24.4,1012.8,0,0.0
2022-08-02,Campo Grande,26.0,1013.6,0,0.0
2022-08-02,Dourados,24.8,1013.4,0,0.0
2022-08-02,Três Lagoas,26.1,1014.3,0,0.0
2022-08-02,Corumbá,26.9,1010.4,0,0.0
2022-08-02,Ponta Porã,23.2,1014.5,0,0.0
2022-08-02,Aquidauana,25.0,1011.4,0,0.0
2022-08-03,Campo Grande,26.7,1012.4,0,0.0
2022-08-03,Dourados,25.8,1012.0,0,0.0
2022-08-03,Três Lagoas,26.6,1013.4,0,0.0
2022-08-03,Corumbá,26.9,1009.5,0,0.0
2022-08-03,Ponta Porã,24.7,1012.7,0,0.0
2022-08-03,Aquidauana,25.9,1010.2,0,0.0
2022-08-04,Campo Grande,27.3,1011.6,0,0.0
2022-08-04,Dourados,25.0,1011.3,0,0.0
2022-08-04,Três Lagoas,27.6,1011.5,0,0.0
2022-08-04,Corumbá,27.8,1009.6,0,0.0
2022-08-04,Ponta Porã,23.8,1012.5,0,0.9
2022-08-04,Aquidauana,26.3,1009.7,0,0.0
2022-08-05,Campo Grande,23.4,1014.5,0,0.0
2022-08-05,Dourados,20.4,1015.2,0,0.0
2022-08-05,Três Lagoas,25.0,1013.2,0,0.0
2022-08-05,Corumbá,25.6,1012.1,0,0.0
2022-08-05,Ponta Porã,17.3,1015.8,0,11.7
2022-08-05,Aquidauana,23.8,1012.6,0,0.0
2022-08-06,Campo Grande,24.7,1012.7,0,0.0
2022-08-06,Dourados,21.5,1012.7,0,0.2
2022-08-06,Três Lagoas,25.5,1012.7,0,0.0
2022-08-06,Corumbá,26.5,1009.5,0,0.0
2022-08-06,Ponta Porã,19.8,1012.9,0,0.7
2022-08-06,Aquidauana,25.7,1009.8,0,0.0
2022-08-07,Campo Grande,24.3,1012.6,0,2.0
2022-08-07,Dourados,22.3,1012.4,0,13.9
2022-08-07,Três Lagoas,25.0,1012.4,0,0.0
2022-08-07,Corumbá,25.7,1010.5,0,0.8
2022-08-07,Ponta Porã,18.1,1012.9,0,5.7
2022-08-07,Aquidauana,23.9,1011.1,0,8.3
2022-08-08,Campo Grande,22.0,1015.6,0,15.2
2022-08-08,Dourados,19.9,1015.5,0,15.2
2022-08-08,Três Lagoas,22.9,1015.6,0,7.2
2022-08-08,Corumbá,22.8,1013.4,0,12.4
2022-08-08,Ponta Porã,17.1,1016.0,0,10.3
2022-08-08,Aquidauana,22.0,1013.7,0,17.2
2022-08-09,Campo Grande,17.2,1020.4,0,39.3
2022-08-09,Dourados,15.7,1020.8,0,8.2
2022-08-09,Três Lagoas,19.0,1018.9,0,27.3
2022-08-09,Corumbá,17.2,1021.3,0,10.2
2022-08-09,Ponta Porã,12.4,1021.9,0,2.3
2022-08-09,Aquidauana,16.6,1020.4,0,31.6
2022-08-10,Campo Grande,14.9,1023.1,0,0.0
2022-08-10,Dourados,13.5,1023.1,0,0.1
2022-08-10,Três Lagoas,16.1,1021.4,0,0.2
2022-08-10,Corumbá,14.9,1023.1,0,0.0
2022-08-10,Ponta Porã,10.0,1023.1,0,0.6
2022-08-10,Aquidauana,14.1,1022.9,0,0.0
2022-08-11,Campo Grande,16.5,1020.5,0,0.0
2022-08-11,Dourados,15.8,1020.7,0,0.0
2022-08-11,Três Lagoas,16.7,1020.6,0,0.0
2022-08-11,Corumbá,15.9,1018.6,0,0.0
2022-08-11,Ponta Porã,13.6,1020.6,0,0.0
2022-08-11,Aquidauana,15.4,1019.2,0,0.0
2022-08-12,Campo Grande,19.0,1018.4,0,0.0
2022-08-12,Dourados,18.3,1018.5,0,0.0
2022-08-12,Três Lagoas,18.9,1019.7,0,0.0
2022-08-12,Corumbá,18.9,1015.4,0,0.0
2022-08-12,Ponta Porã,16.7,1018.0,0,0.0
2022-08-12,Aquidauana,18.7,1016.6,0,0.0
2022-08-13,Campo Grande,22.3,1017.3,0,0.0
2022-08-13,Dourados,21.2,1017.4,0,0.0
2022-08-13,Três Lagoas,21.8,1018.6,0,0.0
2022-08-13,Corumbá,22.7,1014.1,0,0.0
2022-08-13,Ponta Porã,19.6,1017.8,0,0.0
2022-08-13,Aquidauana,21.4,1015.2,0,0.0
2022-08-14,Campo Grande,25.3,1014.5,0,0.0
2022-08-14,Dourados,24.4,1013.8,0,0.0
2022-08-14,Três Lagoas,24.2,1015.7,0,0.0
2022-08-14,Corumbá,25.3,1011.2,0,0.0
2022-08-14,Ponta Porã,22.8,1014.2,0,0.0
2022-08-14,Aquidauana,23.7,1012.1,0,0.0
2022-08-15,Campo Grande,27.6,1009.8,0,0.0
2022-08-15,Dourados,27.0,1008.2,0,0.0
2022-08-15,Três Lagoas,26.5,1011.3,0,0.0
2022-08-15,Corumbá,26.4,1007.1,0,0.0
2022-08-15,Ponta Porã,25.8,1008.9,0,0.0
2022-08-15,Aquidauana,26.5,1007.6,0,0.0
2022-08-16,Campo Grande,26.4,1010.0,0,12.5
2022-08-16,Dourados,23.2,1009.3,0,40.0
2022-08-16,Três Lagoas,27.6,1010.3,0,0.8
2022-08-16,Corumbá,25.7,1007.9,0,0.9
2022-08-16,Ponta Porã,18.5,1010.6,0,16.6
2022-08-16,Aquidauana,24.2,1008.5,0,22.4
2022-08-17,Campo Grande,24.8,1010.0,0,35.0
2022-08-17,Dourados,23.0,1008.6,0,44.6
2022-08-17,Três Lagoas,24.1,1011.7,0,0.0
2022-08-17,Corumbá,26.4,1006.2,0,7.9
2022-08-17,Ponta Porã,21.7,1007.9,0,9.6
2022-08-17,Aquidauana,23.5,1007.5,0,24.0
2022-08-18,Campo Grande,20.9,1014.1,0,31.3
2022-08-18,Dourados,18.0,1014.8,0,32.8
2022-08-18,Três Lagoas,22.5,1012.7,0,21.6
2022-08-18,Corumbá,21.1,1014.2,0,24.5
2022-08-18,Ponta Porã,14.8,1016.6,0,40.6
2022-08-18,Aquidauana,20.5,1013.6,0,39.8
2022-08-19,Campo Grande,13.0,1026.6,0,0.0
2022-08-19,Dourados,12.2,1027.8,0,0.0
2022-08-19,Três Lagoas,15.9,1024.4,0,1.1
2022-08-19,Corumbá,14.5,1026.0,0,0.0
2022-08-19,Ponta Porã,9.0,1028.1,0,0.0
2022-08-19,Aquidauana,13.4,1026.4,0,0.0
2022-08-20,Campo Grande,14.8,1023.8,0,0.0
2022-08-20,Dourados,14.4,1024.8,0,0.0
2022-08-20,Três Lagoas,15.5,1024.0,0,0.0
2022-08-20,Corumbá,14.6,1022.0,0,0.0
2022-08-20,Ponta Porã,12.3,1024.2,0,0.0
2022-08-20,Aquidauana,15.1,1022.1,0,0.0
2022-08-21,Campo Grande,19.1,1021.3,0,0.0
2022-08-21,Dourados,18.3,1022.1,0,0.0
2022-08-21,Três Lagoas,19.4,1021.8,0,0.0
2022-08-21,Corumbá,19.0,1019.2,0,0.0
2022-08-21,Ponta Porã,16.9,1022.4,0,0.0
2022-08-21,Aquidauana,19.7,1019.5,0,0.0
2022-08-22,Campo Grande,21.8,1019.7,0,0.0
2022-08-22,Dourados,20.7,1020.1,0,0.0
2022-08-22,Três Lagoas,21.3,1020.3,0,0.0
2022-08-22,Corumbá,22.1,1016.6,0,0.0
2022-08-22,Ponta Porã,18.4,1020.6,0,0.0
2022-08-22,Aquidauana,23.3,1017.5,0,0.0
2022-08-23,Campo Grande,23.1,1018.8,0,0.0
2022-08-23,Dourados,22.2,1019.1,0,0.0
2022-08-23,Três Lagoas,22.3,1019.6,0,0.0
2022-08-23,Corumbá,25.1,1014.8,0,0.0
2022-08-23,Ponta Porã,20.7,1020.0,0,0.0
2022-08-23,Aquidauana,25.9,1016.8,0,0.0
2022-08-24,Campo Grande,24.2,1017.9,0,0.0
2022-08-24,Dourados,23.2,1018.2,0,0.0
2022-08-24,Três Lagoas,22.9,1018.8,0,0.0
2022-08-24,Corumbá,27.4,1015.1,0,0.0
2022-08-24,Ponta Porã,21.6,1019.1,0,0.0
2022-08-24,Aquidauana,26.1,1016.2,0,0.0
2022-08-25,Campo Grande,25.1,1017.0,0,0.0
2022-08-25,Dourados,24.4,1017.3,0,0.0
2022-08-25,Três Lagoas,24.0,1017.7,0,0.0
2022-08-25,Corumbá,29.6,1014.5,0,0.0
2022-08-25,Ponta Porã,22.3,1018.4,0,0.0
2022-08-25,Aquidauana,25.2,1015.6,0,0.0
2022-08-26,Campo Grande,25.7,1015.9,0,0.0
2022-08-26,Dourados,24.7,1015.9,0,0.0
2022-08-26,Três Lagoas,24.9,1016.4,0,0.0
2022-08-26,Corumbá,29.3,1013.3,0,0.0
2022-08-26,Ponta Porã,23.0,1016.6,0,0.0
2022-08-26,Aquidauana,25.5,1014.2,0,0.0
2022-08-27,Campo Grande,27.1,1013.1,0,0.0
2022-08-27,Dourados,26.1,1012.7,0,0.0
2022-08-27,Três Lagoas,26.4,1013.9,0,0.0
2022-08-27,Corumbá,30.2,1010.8,0,0.0
2022-08-27,Ponta Porã,24.1,1014.0,0,0.0
2022-08-27,Aquidauana,25.9,1011.5,0,0.0
2022-08-28,Campo Grande,27.8,1015.6,0,0.0
2022-08-28,Dourados,25.1,1016.4,0,0.0
2022-08-28,Três Lagoas,27.8,1014.9,0,0.0
2022-08-28,Corumbá,28.6,1015.3,0,0.0
2022-08-28,Ponta Porã,23.0,1018.2,0,0.0
2022-08-28,Aquidauana,26.2,1015.1,0,0.0
2022-08-29,Campo Grande,22.2,1020.6,0,0.0
2022-08-29,Dourados,19.5,1022.1,0,0.0
2022-08-29,Três Lagoas,22.9,1019.5,0,0.0
2022-08-29,Corumbá,19.0,1022.4,0,0.0
2022-08-29,Ponta Porã,15.3,1023.1,0,0.0
2022-08-29,Aquidauana,18.9,1021.3,0,0.0
2022-08-30,Campo Grande,20.3,1020.4,0,0.0
2022-08-30,Dourados,19.3,1021.1,0,0.0
2022-08-30,Três Lagoas,20.0,1021.4,0,0.0
2022-08-30,Corumbá,22.6,1017.7,0,0.0
2022-08-30,Ponta Porã,16.2,1020.7,0,0.2
2022-08-30,Aquidauana,20.7,1018.5,0,0.0
2022-08-31,Campo Grande,22.9,1016.9,0,0.0
2022-08-31,Dourados,21.5,1017.2,0,0.0
2022-08-31,Três Lagoas,22.4,1018.0,0,0.0
2022-08-31,Corumbá,26.3,1013.4,0,0.0
2022-08-31,Ponta Porã,19.7,1017.2,0,0.0
2022-08-31,Aquidauana,24.5,1014.4,0,0.0
2022-09-01,Campo Grande,27.2,1012.3,0,0.0
2022-09-01,Dourados,25.0,1012.0,0,0.0
2022-09-01,Três Lagoas,25.6,1014.0,0,0.0
2022-09-01,Corumbá,30.1,1009.1,0,0.0
2022-09-01,Ponta Porã,23.9,1012.5,0,0.0
2022-09-01,Aquidauana,28.3,1009.8,0,0.0
2022-09-02,Campo Grande,27.9,1013.1,0,0.0
2022-09-02,Dourados,25.8,1013.2,0,0.0
2022-09-02,Três Lagoas,27.7,1013.3,0,0.0
2022-09-02,Corumbá,28.5,1012.6,0,0.1
2022-09-02,Ponta Porã,23.1,1014.3,0,1.3
2022-09-02,Aquidauana,25.9,1012.4,0,0.0
2022-09-03,Campo Grande,22.6,1018.0,0,0.0
2022-09-03,Dourados,19.9,1019.4,0,2.0
2022-09-03,Três Lagoas,25.1,1015.8,0,0.0
2022-09-03,Corumbá,22.5,1019.3,0,0.0
2022-09-03,Ponta Porã,16.4,1020.1,0,15.2
2022-09-03,Aquidauana,21.2,1018.7,0,0.0
2022-09-04,Campo Grande,21.3,1019.1,0,0.0
2022-09-04,Dourados,19.0,1020.1,0,0.9
2022-09-04,Três Lagoas,22.6,1018.5,0,0.0
2022-09-04,Corumbá,23.6,1018.7,0,0.0
2022-09-04,Ponta Porã,15.6,1020.5,0,2.7
2022-09-04,Aquidauana,21.8,1018.3,0,0.0
2022-09-05,Campo Grande,21.9,1019.7,0,0.0
2022-09-05,Dourados,19.6,1020.7,0,0.5
2022-09-05,Três Lagoas,21.4,1020.1,0,0.0
2022-09-05,Corumbá,23.2,1018.9,0,0.0
2022-09-05,Ponta Porã,17.4,1021.3,0,3.7
2022-09-05,Aquidauana,22.6,1018.7,0,0.0
2022-09-06,Campo Grande,21.8,1018.8,0,0.4
2022-09-06,Dourados,19.5,1019.4,0,2.7
2022-09-06,Três Lagoas,22.3,1019.1,0,0.5
2022-09-06,Corumbá,24.3,1016.6,0,0.0
2022-09-06,Ponta Porã,17.2,1019.3,0,14.4
2022-09-06,Aquidauana,22.8,1016.6,0,0.0
2022-09-07,Campo Grande,26.1,1012.7,0,0.0
2022-09-07,Dourados,24.2,1012.3,0,0.0
2022-09-07,Três Lagoas,25.3,1014.1,0,0.0
2022-09-07,Corumbá,27.8,1009.7,0,0.0
2022-09-07,Ponta Porã,21.0,1012.8,0,0.0
2022-09-07,Aquidauana,25.4,1010.3,0,0.0
2022-09-08,Campo Grande,29.7,1009.2,0,0.0
2022-09-08,Dourados,28.9,1008.1,0,0.0
2022-09-08,Três Lagoas,28.9,1010.5,0,0.0
2022-09-08,Corumbá,31.3,1007.1,0,0.0
2022-09-08,Ponta Porã,25.9,1009.1,0,0.0
2022-09-08,Aquidauana,28.4,1007.6,0,0.0
2022-09-09,Campo Grande,30.4,1011.5,0,0.0
2022-09-09,Dourados,29.6,1010.7,0,0.0
2022-09-09,Três Lagoas,30.2,1011.7,0,0.0
2022-09-09,Corumbá,31.7,1010.5,0,0.0
2022-09-09,Ponta Porã,26.5,1012.3,0,0.0
2022-09-09,Aquidauana,29.3,1010.6,0,0.0
2022-09-10,Campo Grande,26.0,1015.9,0,0.0
2022-09-10,Dourados,22.5,1017.3,0,0.0
2022-09-10,Três Lagoas,28.0,1014.4,0,0.0
2022-09-10,Corumbá,23.0,1017.4,0,0.0
2022-09-10,Ponta Porã,15.1,1018.6,0,0.0
2022-09-10,Aquidauana,20.6,1017.2,0,0.0
2022-09-11,Campo Grande,25.9,1014.6,0,0.0
2022-09-11,Dourados,23.5,1014.6,0,0.0
2022-09-11,Três Lagoas,26.8,1014.4,0,0.0
2022-09-11,Corumbá,24.8,1013.8,0,0.0
2022-09-11,Ponta Porã,20.7,1014.8,0,0.0
2022-09-11,Aquidauana,22.6,1013.8,0,0.0
2022-09-12,Campo Grande,27.5,1011.4,0,0.0
2022-09-12,Dourados,24.4,1012.3,0,18.9
2022-09-12,Três Lagoas,27.1,1011.9,0,0.0
2022-09-12,Corumbá,28.4,1010.2,0,0.0
2022-09-12,Ponta Porã,20.3,1013.1,0,2.8
2022-09-12,Aquidauana,26.1,1010.4,0,0.0
2022-09-13,Campo Grande,25.0,1011.8,0,0.0
2022-09-13,Dourados,21.7,1013.0,0,13.7
2022-09-13,Três Lagoas,26.3,1011.1,0,0.0
2022-09-13,Corumbá,26.2,1010.6,0,0.0
2022-09-13,Ponta Porã,18.6,1013.3,0,7.8
2022-09-13,Aquidauana,25.3,1010.5,0,0.0
2022-09-14,Campo Grande,21.1,1015.7,0,13.0
2022-09-14,Dourados,18.4,1016.7,0,18.4
2022-09-14,Três Lagoas,23.2,1014.5,0,0.8
2022-09-14,Corumbá,20.1,1017.5,0,2.9
2022-09-14,Ponta Porã,15.8,1017.6,0,39.4
2022-09-14,Aquidauana,19.6,1016.7,0,5.3
2022-09-15,Campo Grande,20.0,1019.0,0,0.3
2022-09-15,Dourados,19.7,1019.0,0,0.0
2022-09-15,Três Lagoas,20.6,1018.4,0,9.5
2022-09-15,Corumbá,21.1,1019.8,0,0.5
2022-09-15,Ponta Porã,16.8,1019.9,0,0.0
2022-09-15,Aquidauana,19.3,1019.3,0,0.2
2022-09-16,Campo Grande,22.4,1017.2,0,0.0
2022-09-16,Dourados,22.0,1017.6,0,0.0
2022-09-16,Três Lagoas,22.3,1017.6,0,0.0
2022-09-16,Corumbá,24.6,1015.8,0,0.0
2022-09-16,Ponta Porã,18.8,1018.4,0,0.0
2022-09-16,Aquidauana,22.0,1016.5,0,0.0
2022-09-17,Campo Grande,23.1,1015.1,0,0.0
2022-09-17,Dourados,22.9,1015.8,0,0.0
2022-09-17,Três Lagoas,22.3,1016.8,0,0.0
2022-09-17,Corumbá,28.4,1011.0,0,0.0
2022-09-17,Ponta Porã,18.8,1015.9,0,0.0
2022-09-17,Aquidauana,24.9,1013.0,0,0.0
2022-09-18,Campo Grande,25.6,1011.7,0,0.0
2022-09-18,Dourados,24.4,1012.0,0,0.0
2022-09-18,Três Lagoas,23.7,1013.5,0,0.0
2022-09-18,Corumbá,30.5,1007.7,0,0.0
2022-09-18,Ponta Porã,20.7,1012.1,0,0.0
2022-09-18,Aquidauana,26.6,1009.2,0,0.0
2022-09-19,Campo Grande,28.0,1009.3,0,2.3
2022-09-19,Dourados,25.0,1009.6,0,22.2
2022-09-19,Três Lagoas,26.4,1010.2,0,0.0
2022-09-19,Corumbá,32.2,1006.6,0,0.0
2022-09-19,Ponta Porã,22.4,1010.3,0,7.8
2022-09-19,Aquidauana,29.4,1007.2,0,0.2
2022-09-20,Campo Grande,27.0,1009.9,0,0.3
2022-09-20,Dourados,24.0,1010.2,0,0.3
2022-09-20,Três Lagoas,26.0,1010.0,0,10.4
2022-09-20,Corumbá,29.2,1007.6,0,0.2
2022-09-20,Ponta Porã,19.7,1011.2,0,18.5
2022-09-20,Aquidauana,25.5,1008.5,0,2.6
2022-09-21,Campo Grande,26.0,1009.1,0,13.4
2022-09-21,Dourados,24.0,1009.1,0,62.6
2022-09-21,Três Lagoas,25.8,1009.2,0,3.4
2022-09-21,Corumbá,30.0,1006.5,0,2.4
2022-09-21,Ponta Porã,19.9,1009.7,0,23.6
2022-09-21,Aquidauana,25.7,1007.2,0,10.2
2022-09-22,Campo Grande,22.4,1013.9,0,11.6
2022-09-22,Dourados,21.0,1014.8,0,0.9
2022-09-22,Três Lagoas,23.4,1012.3,0,16.3
2022-09-22,Corumbá,23.3,1014.8,0,0.2
2022-09-22,Ponta Porã,16.5,1016.2,0,0.1
2022-09-22,Aquidauana,22.2,1014.2,0,8.4
2022-09-23,Campo Grande,19.3,1018.2,0,0.0
2022-09-23,Dourados,17.9,1019.3,0,0.0
2022-09-23,Três Lagoas,20.4,1017.3,0,0.0
2022-09-23,Corumbá,22.4,1017.5,0,0.0
2022-09-23,Ponta Porã,13.9,1019.9,0,0.0
2022-09-23,Aquidauana,19.5,1017.8,0,0.0
2022-09-24,Campo Grande,22.2,1015.4,0,0.0
2022-09-24,Dourados,20.5,1016.0,0,0.0
2022-09-24,Três Lagoas,22.2,1015.8,0,0.0
2022-09-24,Corumbá,25.6,1013.0,0,0.0
2022-09-24,Ponta Porã,17.0,1015.9,0,0.0
2022-09-24,Aquidauana,22.6,1013.9,0,0.0
2022-09-25,Campo Grande,25.8,1012.0,0,0.0
2022-09-25,Dourados,23.5,1012.1,0,12.0
2022-09-25,Três Lagoas,24.7,1013.0,0,0.0
2022-09-25,Corumbá,29.7,1009.3,0,0.1
2022-09-25,Ponta Porã,21.5,1012.7,0,13.6
2022-09-25,Aquidauana,26.2,1010.2,0,7.1
2022-09-26,Campo Grande,24.9,1012.5,0,18.3
2022-09-26,Dourados,22.4,1012.8,0,5.5
2022-09-26,Três Lagoas,24.6,1012.9,0,1.9
2022-09-26,Corumbá,29.0,1009.2,0,0.6
2022-09-26,Ponta Porã,17.5,1013.9,0,20.2
2022-09-26,Aquidauana,24.0,1011.3,0,22.6
2022-09-27,Campo Grande,25.6,1012.7,0,23.7
2022-09-27,Dourados,22.5,1013.1,0,25.6
2022-09-27,Três Lagoas,24.5,1013.9,0,9.0
2022-09-27,Corumbá,26.9,1010.4,0,18.9
2022-09-27,Ponta Porã,18.8,1014.0,0,75.5
2022-09-27,Aquidauana,24.6,1011.8,0,1.5
2022-09-28,Campo Grande,23.2,1013.4,0,30.2
2022-09-28,Dourados,21.8,1013.7,0,57.0
2022-09-28,Três Lagoas,22.3,1014.8,0,14.7
2022-09-28,Corumbá,22.5,1013.0,0,15.4
2022-09-28,Ponta Porã,19.2,1014.7,0,61.9
2022-09-28,Aquidauana,20.9,1013.8,0,39.4
2022-09-29,Campo Grande,22.2,1015.4,0,6.7
2022-09-29,Dourados,22.2,1016.0,0,11.2
2022-09-29,Três Lagoas,21.9,1016.4,0,0.0
2022-09-29,Corumbá,19.3,1016.6,0,10.2
2022-09-29,Ponta Porã,18.7,1016.6,0,11.4
2022-09-29,Aquidauana,22.4,1015.2,0,14.4
2022-09-30,Campo Grande,22.3,1016.2,0,1.2
2022-09-30,Dourados,22.1,1016.9,0,18.5
2022-09-30,Três Lagoas,21.8,1016.7,0,0.0
2022-09-30,Corumbá,21.9,1016.8,0,2.5
2022-09-30,Ponta Porã,18.5,1017.7,0,25.6
2022-09-30,Aquidauana,24.1,1015.9,0,7.0
2022-10-01,Campo Grande,24.4,1016.0,0,0.2
2022-10-01,Dourados,24.0,1016.6,0,0.4
2022-10-01,Três Lagoas,24.0,1016.2,0,0.0
2022-10-01,Corumbá,25.5,1015.6,0,0.0
2022-10-01,Ponta Porã,20.7,1017.7,0,2.3
2022-10-01,Aquidauana,25.1,1015.4,0,0.0
2022-10-02,Campo Grande,26.3,1014.8,0,0.0
2022-10-02,Dourados,24.8,1015.7,0,0.7
2022-10-02,Três Lagoas,26.5,1014.7,0,0.0
2022-10-02,Corumbá,27.9,1014.4,0,0.0
2022-10-02,Ponta Porã,22.1,1017.2,0,1.3
2022-10-02,Aquidauana,25.9,1014.1,0,0.0
2022-10-03,Campo Grande,26.2,1013.3,0,0.0
2022-10-03,Dourados,24.6,1013.9,0,0.0
2022-10-03,Três Lagoas,25.9,1012.9,0,2.7
2022-10-03,Corumbá,27.3,1012.6,0,0.0
2022-10-03,Ponta Porã,21.6,1014.7,0,0.0
2022-10-03,Aquidauana,25.7,1012.4,0,0.0
2022-10-04,Campo Grande,27.8,1010.2,0,0.0
2022-10-04,Dourados,26.3,1010.4,0,0.0
2022-10-04,Três Lagoas,26.4,1010.6,0,0.3
2022-10-04,Corumbá,28.3,1009.0,0,0.0
2022-10-04,Ponta Porã,23.2,1011.5,0,0.0
2022-10-04,Aquidauana,26.5,1009.4,0,0.0
2022-10-05,Campo Grande,28.0,1009.3,0,6.6
2022-10-05,Dourados,27.4,1009.0,0,3.0
2022-10-05,Três Lagoas,27.7,1010.1,0,1.2
2022-10-05,Corumbá,30.8,1006.2,0,1.1
2022-10-05,Ponta Porã,20.8,1010.1,0,6.7
2022-10-05,Aquidauana,27.5,1007.3,0,11.1
2022-10-06,Campo Grande,26.5,1009.8,0,11.9
2022-10-06,Dourados,25.1,1008.9,0,18.0
2022-10-06,Três Lagoas,26.4,1009.8,0,18.9
2022-10-06,Corumbá,26.2,1008.9,0,19.7
2022-10-06,Ponta Porã,20.2,1009.3,0,26.5
2022-10-06,Aquidauana,26.2,1008.0,0,34.7
2022-10-07,Campo Grande,23.3,1014.5,0,0.7
2022-10-07,Dourados,22.1,1014.5,0,0.0
2022-10-07,Três Lagoas,23.2,1013.4,0,2.3
2022-10-07,Corumbá,22.9,1014.6,0,0.0
2022-10-07,Ponta Porã,16.7,1015.3,0,0.0
2022-10-07,Aquidauana,21.6,1014.4,0,0.0
2022-10-08,Campo Grande,26.0,1010.7,0,0.0
2022-10-08,Dourados,25.0,1010.2,0,0.0
2022-10-08,Três Lagoas,24.8,1011.9,0,0.0
2022-10-08,Corumbá,25.5,1009.2,0,0.0
2022-10-08,Ponta Porã,20.6,1011.2,0,0.0
2022-10-08,Aquidauana,23.6,1009.8,0,0.0
2022-10-09,Campo Grande,25.3,1012.0,0,12.3
2022-10-09,Dourados,23.6,1012.3,0,4.2
2022-10-09,Três Lagoas,25.0,1012.6,0,3.8
2022-10-09,Corumbá,25.1,1011.8,0,14.7
2022-10-09,Ponta Porã,19.1,1013.7,0,9.6
2022-10-09,Aquidauana,24.8,1011.4,0,8.3
2022-10-10,Campo Grande,24.7,1015.1,0,0.2
2022-10-10,Dourados,23.4,1014.9,0,3.2
2022-10-10,Três Lagoas,24.9,1015.7,0,0.0
2022-10-10,Corumbá,20.7,1015.7,0,0.0
2022-10-10,Ponta Porã,18.3,1015.8,0,0.4
2022-10-10,Aquidauana,23.2,1014.7,0,0.0
2022-10-11,Campo Grande,23.6,1015.5,0,1.1
2022-10-11,Dourados,22.5,1015.6,0,32.4
2022-10-11,Três Lagoas,24.5,1015.7,0,3.0
2022-10-11,Corumbá,22.4,1015.4,0,14.6
2022-10-11,Ponta Porã,16.9,1016.7,0,31.2
2022-10-11,Aquidauana,20.7,1015.5,0,1.3
2022-10-12,Campo Grande,22.9,1015.0,0,1.9
2022-10-12,Dourados,22.0,1015.0,0,11.2
2022-10-12,Três Lagoas,22.9,1015.4,0,4.1
2022-10-12,Corumbá,20.9,1014.5,0,25.3
2022-10-12,Ponta Porã,17.9,1015.9,0,27.8
2022-10-12,Aquidauana,20.4,1014.6,0,6.1
2022-10-13,Campo Grande,24.4,1014.4,0,0.6
2022-10-13,Dourados,24.0,1014.5,0,11.1
2022-10-13,Três Lagoas,24.3,1014.8,0,2.5
2022-10-13,Corumbá,24.1,1012.8,0,0.2
2022-10-13,Ponta Porã,21.8,1015.7,0,15.1
2022-10-13,Aquidauana,24.7,1013.4,0,0.2
2022-10-14,Campo Grande,24.5,1016.4,0,11.1
2022-10-14,Dourados,23.9,1017.0,0,4.0
2022-10-14,Três Lagoas,25.5,1016.0,0,0.0
2022-10-14,Corumbá,25.4,1015.8,0,7.0
2022-10-14,Ponta Porã,20.8,1018.2,0,12.9
2022-10-14,Aquidauana,25.2,1015.7,0,2.7
2022-10-15,Campo Grande,24.0,1016.8,0,0.0
2022-10-15,Dourados,24.0,1017.7,0,0.0
2022-10-15,Três Lagoas,25.5,1016.9,0,0.0
2022-10-15,Corumbá,27.0,1014.7,0,0.7
2022-10-15,Ponta Porã,21.7,1018.6,0,0.4
2022-10-15,Aquidauana,23.7,1015.6,0,0.0
2022-10-16,Campo Grande,25.5,1013.9,0,0.7
2022-10-16,Dourados,25.0,1014.5,0,6.6
2022-10-16,Três Lagoas,26.7,1013.5,0,0.0
2022-10-16,Corumbá,27.9,1011.8,0,0.6
2022-10-16,Ponta Porã,23.0,1015.6,0,0.9
2022-10-16,Aquidauana,26.2,1012.1,0,0.0
2022-10-17,Campo Grande,26.3,1012.3,0,8.7
2022-10-17,Dourados,25.1,1012.8,0,2.5
2022-10-17,Três Lagoas,27.2,1011.9,0,0.0
2022-10-17,Corumbá,28.4,1009.8,0,0.4
2022-10-17,Ponta Porã,22.7,1014.2,0,19.3
2022-10-17,Aquidauana,27.8,1010.2,0,0.8
2022-10-18,Campo Grande,24.0,1014.2,0,2.6
2022-10-18,Dourados,24.3,1014.4,0,4.5
2022-10-18,Três Lagoas,24.2,1014.4,0,0.0
2022-10-18,Corumbá,25.2,1013.0,0,0.4
2022-10-18,Ponta Porã,21.2,1015.4,0,5.2
2022-10-18,Aquidauana,23.4,1013.6,0,15.8
2022-10-19,Campo Grande,26.0,1013.2,0,0.2
2022-10-19,Dourados,26.3,1013.1,0,0.0
2022-10-19,Três Lagoas,25.7,1014.0,0,2.3
2022-10-19,Corumbá,27.3,1011.8,0,0.0
2022-10-19,Ponta Porã,22.9,1014.1,0,1.1
2022-10-19,Aquidauana,26.2,1011.8,0,0.0
2022-10-20,Campo Grande,26.2,1009.9,0,5.9
2022-10-20,Dourados,25.7,1009.3,0,34.3
2022-10-20,Três Lagoas,26.5,1010.1,0,2.0
2022-10-20,Corumbá,27.4,1008.2,0,23.0
2022-10-20,Ponta Porã,21.8,1009.9,0,18.5
2022-10-20,Aquidauana,25.9,1008.0,0,26.1
2022-10-21,Campo Grande,25.7,1010.2,0,5.2
2022-10-21,Dourados,25.5,1009.8,0,0.0
2022-10-21,Três Lagoas,26.1,1009.6,0,5.8
2022-10-21,Corumbá,25.0,1010.6,0,2.4
2022-10-21,Ponta Porã,21.0,1011.3,0,0.3
2022-10-21,Aquidauana,24.6,1009.9,0,0.3
2022-10-22,Campo Grande,26.1,1012.4,0,0.0
2022-10-22,Dourados,25.2,1013.1,0,0.0
2022-10-22,Três Lagoas,26.2,1011.8,0,0.0
2022-10-22,Corumbá,27.4,1012.4,0,0.0
2022-10-22,Ponta Porã,21.0,1015.1,0,0.0
2022-10-22,Aquidauana,24.4,1012.8,0,0.0
2022-10-23,Campo Grande,26.3,1014.0,0,0.0
2022-10-23,Dourados,25.7,1014.7,0,0.0
2022-10-23,Três Lagoas,26.5,1013.7,0,0.0
2022-10-23,Corumbá,26.9,1013.2,0,0.0
2022-10-23,Ponta Porã,23.1,1016.0,0,0.0
2022-10-23,Aquidauana,25.5,1013.3,0,0.0
2022-10-24,Campo Grande,27.8,1012.6,0,0.0
2022-10-24,Dourados,27.5,1013.0,0,0.0
2022-10-24,Três Lagoas,27.4,1012.6,0,0.0
2022-10-24,Corumbá,28.7,1011.3,0,0.0
2022-10-24,Ponta Porã,24.5,1014.5,0,0.0
2022-10-24,Aquidauana,26.0,1011.8,0,0.0
2022-10-25,Campo Grande,28.7,1010.9,0,0.0
2022-10-25,Dourados,28.7,1011.0,0,0.0
2022-10-25,Três Lagoas,27.6,1011.5,0,0.0
2022-10-25,Corumbá,30.0,1009.1,0,0.0
2022-10-25,Ponta Porã,25.3,1012.5,0,0.0
2022-10-25,Aquidauana,27.9,1009.5,0,0.0
2022-10-26,Campo Grande,30.1,1008.1,0,0.0
2022-10-26,Dourados,29.6,1007.8,0,0.0
2022-10-26,Três Lagoas,28.6,1009.3,0,0.0
2022-10-26,Corumbá,31.4,1006.2,0,0.0
2022-10-26,Ponta Porã,26.7,1009.5,0,0.0
2022-10-26,Aquidauana,29.3,1006.9,0,0.0
2022-10-27,Campo Grande,27.3,1010.2,0,3.6
2022-10-27,Dourados,25.8,1010.3,0,14.0
2022-10-27,Três Lagoas,27.0,1010.1,0,0.0
2022-10-27,Corumbá,27.5,1009.5,0,11.2
2022-10-27,Ponta Porã,22.9,1012.2,0,6.1
2022-10-27,Aquidauana,23.4,1011.0,0,8.1
2022-10-28,Campo Grande,27.9,1010.5,0,0.4
2022-10-28,Dourados,27.8,1009.9,0,0.0
2022-10-28,Três Lagoas,27.4,1010.7,0,0.0
2022-10-28,Corumbá,29.1,1008.6,0,0.0
2022-10-28,Ponta Porã,24.7,1011.5,0,0.2
2022-10-28,Aquidauana,27.7,1009.0,0,0.3
2022-10-29,Campo Grande,27.9,1009.0,0,1.0
2022-10-29,Dourados,27.8,1008.2,0,12.6
2022-10-29,Três Lagoas,27.2,1009.7,0,5.0
2022-10-29,Corumbá,30.1,1007.4,0,0.0
2022-10-29,Ponta Porã,24.4,1009.8,0,14.3
2022-10-29,Aquidauana,28.4,1007.7,0,4.4
2022-10-30,Campo Grande,29.2,1006.2,0,0.5
2022-10-30,Dourados,29.2,1004.9,0,15.4
2022-10-30,Três Lagoas,28.4,1007.3,0,0.6
2022-10-30,Corumbá,30.6,1003.9,0,0.1
2022-10-30,Ponta Porã,25.7,1005.6,0,2.7
2022-10-30,Aquidauana,29.3,1004.5,0,0.3
2022-10-31,Campo Grande,24.1,1010.7,0,9.9
2022-10-31,Dourados,21.3,1011.3,0,17.4
2022-10-31,Três Lagoas,25.7,1009.4,0,23.2
2022-10-31,Corumbá,20.1,1014.5,0,6.9
2022-10-31,Ponta Porã,15.8,1014.3,0,30.2
2022-10-31,Aquidauana,21.7,1012.6,0,13.6
2022-11-01,Campo Grande,16.9,1021.9,0,0.0
2022-11-01,Dourados,15.9,1023.3,0,0.0
2022-11-01,Três Lagoas,19.3,1018.4,0,2.1
2022-11-01,Corumbá,18.2,1024.8,0,0.0
2022-11-01,Ponta Porã,12.5,1024.5,0,0.0
2022-11-01,Aquidauana,17.1,1023.4,0,0.0
2022-11-02,Campo Grande,18.0,1022.3,0,0.0
2022-11-02,Dourados,17.6,1023.7,0,0.0
2022-11-02,Três Lagoas,18.9,1021.2,0,1.8
2022-11-02,Corumbá,19.9,1024.0,0,0.0
2022-11-02,Ponta Porã,14.5,1024.9,0,0.0
2022-11-02,Aquidauana,18.4,1022.9,0,0.0
2022-11-03,Campo Grande,20.7,1019.8,0,0.0
2022-11-03,Dourados,20.9,1021.1,0,0.0
2022-11-03,Três Lagoas,21.2,1019.8,0,0.0
2022-11-03,Corumbá,21.7,1019.3,0,0.0
2022-11-03,Ponta Porã,16.8,1022.2,0,0.0
2022-11-03,Aquidauana,20.8,1019.6,0,0.0
2022-11-04,Campo Grande,22.4,1017.1,0,0.0
2022-11-04,Dourados,22.3,1018.2,0,0.0
2022-11-04,Três Lagoas,22.8,1017.3,0,0.0
2022-11-04,Corumbá,24.2,1015.8,0,0.0
2022-11-04,Ponta Porã,18.8,1019.3,0,0.0
2022-11-04,Aquidauana,22.1,1016.6,0,0.0
2022-11-05,Campo Grande,23.5,1015.5,0,0.0
2022-11-05,Dourados,23.3,1016.1,0,0.0
2022-11-05,Três Lagoas,23.3,1015.9,0,0.0
2022-11-05,Corumbá,26.1,1014.0,0,0.0
2022-11-05,Ponta Porã,20.0,1017.0,0,0.0
2022-11-05,Aquidauana,22.7,1014.7,0,0.0
2022-11-06,Campo Grande,24.1,1015.3,0,0.0
2022-11-06,Dourados,23.8,1016.0,0,0.0
2022-11-06,Três Lagoas,23.4,1015.9,0,0.0
2022-11-06,Corumbá,26.2,1013.8,0,0.0
2022-11-06,Ponta Porã,20.9,1017.3,0,0.0
2022-11-06,Aquidauana,24.7,1014.4,0,0.0
2022-11-07,Campo Grande,24.2,1014.8,0,0.0
2022-11-07,Dourados,23.8,1015.5,0,0.0
2022-11-07,Três Lagoas,23.8,1015.4,0,0.0
2022-11-07,Corumbá,28.0,1012.8,0,0.0
2022-11-07,Ponta Porã,21.7,1016.5,0,0.0
2022-11-07,Aquidauana,25.0,1013.6,0,0.0
2022-11-08,Campo Grande,25.0,1013.5,0,0.0
2022-11-08,Dourados,24.8,1013.8,0,0.0
2022-11-08,Três Lagoas,24.3,1014.3,0,0.0
2022-11-08,Corumbá,27.8,1011.8,0,0.0
2022-11-08,Ponta Porã,22.8,1014.7,0,0.0
2022-11-08,Aquidauana,25.1,1012.4,0,0.0
2022-11-09,Campo Grande,26.5,1011.4,0,0.0
2022-11-09,Dourados,26.0,1011.6,0,0.0
2022-11-09,Três Lagoas,26.1,1012.0,0,0.0
2022-11-09,Corumbá,29.5,1009.4,0,0.0
2022-11-09,Ponta Porã,24.2,1012.6,0,0.0
2022-11-09,Aquidauana,26.3,1010.2,0,0.0
2022-11-10,Campo Grande,28.2,1009.8,0,0.0
2022-11-10,Dourados,26.8,1010.0,0,0.7
2022-11-10,Três Lagoas,27.4,1010.6,0,0.0
2022-11-10,Corumbá,32.2,1007.2,0,0.0
2022-11-10,Ponta Porã,25.9,1011.1,0,2.2
2022-11-10,Aquidauana,29.5,1008.1,0,0.0
2022-11-11,Campo Grande,26.1,1010.8,0,1.6
2022-11-11,Dourados,25.1,1010.5,0,20.1
2022-11-11,Três Lagoas,25.8,1010.9,0,0.4
2022-11-11,Corumbá,26.2,1009.6,0,29.7
2022-11-11,Ponta Porã,22.9,1011.4,0,22.8
2022-11-11,Aquidauana,26.3,1010.4,0,16.3
2022-11-12,Campo Grande,27.0,1009.6,0,2.9
2022-11-12,Dourados,26.4,1009.1,0,0.0
2022-11-12,Três Lagoas,26.4,1010.5,0,0.0
2022-11-12,Corumbá,28.0,1008.1,0,0.5
2022-11-12,Ponta Porã,24.8,1009.8,0,1.4
2022-11-12,Aquidauana,28.4,1008.5,0,0.0
2022-11-13,Campo Grande,27.8,1007.8,0,7.4
2022-11-13,Dourados,26.5,1007.2,0,24.3
2022-11-13,Três Lagoas,27.7,1008.8,0,0.0
2022-11-13,Corumbá,29.9,1005.7,0,17.4
2022-11-13,Ponta Porã,20.6,1009.2,0,35.7
2022-11-13,Aquidauana,29.0,1006.5,0,9.0
2022-11-14,Campo Grande,25.6,1010.9,0,10.2
2022-11-14,Dourados,25.4,1010.9,0,0.6
2022-11-14,Três Lagoas,26.1,1010.6,0,0.2
2022-11-14,Corumbá,24.0,1011.8,0,36.6
2022-11-14,Ponta Porã,20.8,1013.6,0,1.1
2022-11-14,Aquidauana,21.4,1012.4,0,12.1
2022-11-15,Campo Grande,25.9,1014.5,0,0.0
2022-11-15,Dourados,25.2,1015.3,0,0.0
2022-11-15,Três Lagoas,26.1,1014.0,0,0.0
2022-11-15,Corumbá,25.9,1015.5,0,0.0
2022-11-15,Ponta Porã,21.1,1017.6,0,0.0
2022-11-15,Aquidauana,23.8,1015.6,0,0.0
2022-11-16,Campo Grande,26.3,1014.7,0,0.0
2022-11-16,Dourados,25.8,1015.4,0,0.0
2022-11-16,Três Lagoas,26.1,1014.0,0,0.0
2022-11-16,Corumbá,27.6,1014.2,0,0.0
2022-11-16,Ponta Porã,22.2,1017.0,0,0.0
2022-11-16,Aquidauana,24.2,1014.7,0,0.0
2022-11-17,Campo Grande,27.4,1012.7,0,0.0
2022-11-17,Dourados,26.8,1013.6,0,0.0
2022-11-17,Três Lagoas,27.1,1012.9,0,0.0
2022-11-17,Corumbá,27.6,1011.2,0,0.0
2022-11-17,Ponta Porã,23.4,1014.8,0,0.0
2022-11-17,Aquidauana,26.2,1011.6,0,0.0
2022-11-18,Campo Grande,27.9,1010.9,0,0.0
2022-11-18,Dourados,27.0,1011.7,0,0.0
2022-11-18,Três Lagoas,27.2,1011.7,0,0.0
2022-11-18,Corumbá,28.8,1008.7,0,0.0
2022-11-18,Ponta Porã,23.9,1013.2,0,0.0
2022-11-18,Aquidauana,27.9,1009.4,0,0.0
2022-11-19,Campo Grande,28.4,1009.3,0,0.0
2022-11-19,Dourados,27.5,1009.9,0,0.0
2022-11-19,Três Lagoas,27.5,1010.7,0,0.0
2022-11-19,Corumbá,31.1,1007.0,0,0.0
2022-11-19,Ponta Porã,25.2,1011.5,0,0.0
2022-11-19,Aquidauana,30.1,1007.5,0,0.0
2022-11-20,Campo Grande,29.0,1008.6,0,0.0
2022-11-20,Dourados,28.4,1008.7,0,0.0
2022-11-20,Três Lagoas,28.6,1010.2,0,0.0
2022-11-20,Corumbá,30.7,1006.3,0,0.0
2022-11-20,Ponta Porã,26.6,1010.1,0,0.0
2022-11-20,Aquidauana,29.7,1007.5,0,0.2
2022-11-21,Campo Grande,27.3,1009.5,0,3.6
2022-11-21,Dourados,26.1,1009.6,0,6.1
2022-11-21,Três Lagoas,28.5,1010.1,0,0.3
2022-11-21,Corumbá,24.2,1009.6,0,6.2
2022-11-21,Ponta Porã,20.4,1011.4,0,3.3
2022-11-21,Aquidauana,25.5,1009.5,0,1.7
2022-11-22,Campo Grande,26.0,1010.9,0,3.1
2022-11-22,Dourados,25.2,1011.3,0,3.1
2022-11-22,Três Lagoas,26.4,1011.0,0,2.2
2022-11-22,Corumbá,24.0,1012.2,0,1.9
2022-11-22,Ponta Porã,22.0,1013.2,0,4.8
2022-11-22,Aquidauana,26.6,1010.8,0,0.8
2022-11-23,Campo Grande,26.1,1010.8,0,1.8
2022-11-23,Dourados,25.7,1011.4,0,0.2
2022-11-23,Três Lagoas,26.1,1010.5,0,9.5
2022-11-23,Corumbá,26.6,1011.2,0,0.7
2022-11-23,Ponta Porã,21.6,1013.4,0,0.0
2022-11-23,Aquidauana,26.9,1010.6,0,0.4
2022-11-24,Campo Grande,27.2,1009.6,0,0.2
2022-11-24,Dourados,26.4,1010.6,0,0.0
2022-11-24,Três Lagoas,27.3,1009.2,0,0.2
2022-11-24,Corumbá,28.8,1009.7,0,0.0
2022-11-24,Ponta Porã,22.3,1012.5,0,0.0
2022-11-24,Aquidauana,27.7,1009.7,0,0.0
2022-11-25,Campo Grande,27.6,1010.5,0,0.0
2022-11-25,Dourados,27.0,1011.3,0,0.0
2022-11-25,Três Lagoas,27.5,1010.7,0,0.0
2022-11-25,Corumbá,28.6,1010.1,0,0.0
2022-11-25,Ponta Porã,24.6,1013.5,0,0.0
2022-11-25,Aquidauana,27.9,1009.9,0,0.0
2022-11-26,Campo Grande,27.8,1011.1,0,0.0
2022-11-26,Dourados,27.0,1012.0,0,0.0
2022-11-26,Três Lagoas,27.1,1011.6,0,0.0
2022-11-26,Corumbá,30.3,1010.0,0,0.0
2022-11-26,Ponta Porã,24.5,1013.7,0,0.0
2022-11-26,Aquidauana,29.0,1010.2,0,0.0
2022-11-27,Campo Grande,27.4,1010.2,0,0.0
2022-11-27,Dourados,26.6,1010.9,0,0.0
2022-11-27,Três Lagoas,26.6,1010.1,0,0.0
2022-11-27,Corumbá,30.6,1009.2,0,0.0
2022-11-27,Ponta Porã,25.3,1012.2,0,0.4
2022-11-27,Aquidauana,28.9,1009.1,0,0.0
2022-11-28,Campo Grande,26.3,1006.8,0,3.6
2022-11-28,Dourados,25.4,1007.6,0,1.7
2022-11-28,Três Lagoas,25.3,1007.2,0,1.4
2022-11-28,Corumbá,30.2,1004.7,0,0.0
2022-11-28,Ponta Porã,23.9,1008.4,0,1.1
2022-11-28,Aquidauana,29.3,1004.8,0,2.7
2022-11-29,Campo Grande,25.8,1003.9,0,2.8
2022-11-29,Dourados,25.6,1004.2,0,0.0
2022-11-29,Três Lagoas,24.7,1004.2,0,6.5
2022-11-29,Corumbá,31.2,1001.5,0,0.0
2022-11-29,Ponta Porã,24.4,1005.4,0,0.1
2022-11-29,Aquidauana,29.2,1001.8,0,0.3
2022-11-30,Campo Grande,26.8,1002.8,0,0.0
2022-11-30,Dourados,26.1,1003.0,0,0.0
2022-11-30,Três Lagoas,25.4,1003.3,0,1.5
2022-11-30,Corumbá,29.3,1001.2,0,0.0
2022-11-30,Ponta Porã,23.9,1004.4,0,0.3
2022-11-30,Aquidauana,30.3,1000.8,0,0.0
2022-12-01,Campo Grande,26.7,1004.9,0,0.5
2022-12-01,Dourados,26.7,1004.8,0,0.0
2022-12-01,Três Lagoas,26.8,1005.3,0,0.0
2022-12-01,Corumbá,27.2,1005.4,0,6.3
2022-12-01,Ponta Porã,24.7,1006.8,0,0.4
2022-12-01,Aquidauana,28.8,1004.5,0,0.4
2022-12-02,Campo Grande,26.3,1008.2,0,3.1
2022-12-02,Dourados,25.5,1008.6,0,12.0
2022-12-02,Três Lagoas,26.6,1008.6,0,22.7
2022-12-02,Corumbá,28.3,1008.4,0,0.9
2022-12-02,Ponta Porã,24.3,1010.3,0,8.4
2022-12-02,Aquidauana,27.0,1007.8,0,0.2
2022-12-03,Campo Grande,26.1,1009.1,0,18.1
2022-12-03,Dourados,25.9,1009.1,0,5.7
2022-12-03,Três Lagoas,26.2,1009.4,0,20.3
2022-12-03,Corumbá,27.1,1008.3,0,0.3
2022-12-03,Ponta Porã,23.8,1010.5,0,10.5
2022-12-03,Aquidauana,28.5,1008.0,0,2.0
2022-12-04,Campo Grande,25.5,1008.5,0,6.2
2022-12-04,Dourados,25.8,1008.3,0,3.6
2022-12-04,Três Lagoas,25.7,1009.0,0,12.6
2022-12-04,Corumbá,27.1,1007.5,0,1.8
2022-12-04,Ponta Porã,23.9,1009.6,0,5.7
2022-12-04,Aquidauana,26.4,1007.8,0,2.8
2022-12-05,Campo Grande,26.0,1009.6,0,1.7
2022-12-05,Dourados,26.5,1009.3,0,14.2
2022-12-05,Três Lagoas,26.1,1010.5,0,0.0
2022-12-05,Corumbá,28.0,1008.5,0,10.6
2022-12-05,Ponta Porã,24.5,1010.8,0,1.8
2022-12-05,Aquidauana,26.9,1008.9,0,1.4
2022-12-06,Campo Grande,26.3,1011.7,0,3.2
2022-12-06,Dourados,26.9,1011.3,0,15.5
2022-12-06,Três Lagoas,25.8,1012.6,0,17.3
2022-12-06,Corumbá,29.7,1010.1,0,5.6
2022-12-06,Ponta Porã,25.8,1012.7,0,3.2
2022-12-06,Aquidauana,27.7,1010.8,0,0.9
2022-12-07,Campo Grande,27.2,1011.4,0,6.4
2022-12-07,Dourados,27.9,1010.8,0,0.6
2022-12-07,Três Lagoas,26.5,1011.9,0,11.3
2022-12-07,Corumbá,31.5,1009.5,0,0.1
2022-12-07,Ponta Porã,27.7,1012.3,0,4.1
2022-12-07,Aquidauana,30.5,1009.8,0,18.7
2022-12-08,Campo Grande,28.3,1008.4,0,0.6
2022-12-08,Dourados,29.0,1007.9,0,0.9
2022-12-08,Três Lagoas,28.0,1008.7,0,0.4
2022-12-08,Corumbá,31.9,1006.7,0,0.0
2022-12-08,Ponta Porã,27.5,1009.5,0,0.9
2022-12-08,Aquidauana,31.5,1007.0,0,0.3
2022-12-09,Campo Grande,28.2,1007.9,0,7.4
2022-12-09,Dourados,28.4,1007.4,0,10.5
2022-12-09,Três Lagoas,27.8,1008.1,0,2.6
2022-12-09,Corumbá,33.4,1005.9,0,0.8
2022-12-09,Ponta Porã,26.8,1009.2,0,13.4
2022-12-09,Aquidauana,32.2,1006.2,0,1.1
2022-12-10,Campo Grande,27.9,1008.6,0,2.6
2022-12-10,Dourados,28.4,1008.2,0,8.6
2022-12-10,Três Lagoas,27.5,1008.8,0,0.8
2022-12-10,Corumbá,28.8,1007.5,0,6.8
2022-12-10,Ponta Porã,26.3,1009.8,0,5.0
2022-12-10,Aquidauana,30.2,1007.7,0,3.6
2022-12-11,Campo Grande,27.1,1009.4,0,2.1
2022-12-11,Dourados,27.0,1008.9,0,2.0
2022-12-11,Três Lagoas,27.2,1009.7,0,1.8
2022-12-11,Corumbá,26.9,1009.6,0,10.6
2022-12-11,Ponta Porã,24.4,1010.6,0,13.2
2022-12-11,Aquidauana,28.1,1009.1,0,5.9
2022-12-12,Campo Grande,27.4,1007.8,0,1.1
2022-12-12,Dourados,26.9,1007.1,0,9.2
2022-12-12,Três Lagoas,27.1,1008.2,0,3.6
2022-12-12,Corumbá,29.5,1007.3,0,0.1
2022-12-12,Ponta Porã,25.5,1008.6,0,1.8
2022-12-12,Aquidauana,28.6,1007.1,0,1.3
2022-12-13,Campo Grande,26.6,1007.3,0,5.2
2022-12-13,Dourados,26.4,1006.8,0,29.8
2022-12-13,Três Lagoas,25.8,1007.2,0,11.9
2022-12-13,Corumbá,30.8,1006.6,0,0.2
2022-12-13,Ponta Porã,24.4,1008.7,0,22.8
2022-12-13,Aquidauana,29.4,1006.5,0,0.4
2022-12-14,Campo Grande,28.5,1007.2,0,0.4
2022-12-14,Dourados,28.3,1007.4,0,0.0
2022-12-14,Três Lagoas,27.7,1007.9,0,2.4
2022-12-14,Corumbá,30.8,1006.2,0,2.2
2022-12-14,Ponta Porã,25.2,1009.5,0,0.0
2022-12-14,Aquidauana,30.5,1006.1,0,0.0
2022-12-15,Campo Grande,28.9,1007.7,0,2.0
2022-12-15,Dourados,28.5,1008.2,0,0.1
2022-12-15,Três Lagoas,28.2,1008.6,0,0.0
2022-12-15,Corumbá,31.1,1006.1,0,0.8
2022-12-15,Ponta Porã,25.1,1010.2,0,0.0
2022-12-15,Aquidauana,31.0,1006.5,0,1.1
2022-12-16,Campo Grande,27.7,1007.0,0,2.2
2022-12-16,Dourados,27.8,1007.3,0,0.0
2022-12-16,Três Lagoas,27.6,1007.0,0,0.9
2022-12-16,Corumbá,27.3,1007.2,0,1.2
2022-12-16,Ponta Porã,25.4,1009.4,0,0.0
2022-12-16,Aquidauana,29.7,1006.2,0,0.8
2022-12-17,Campo Grande,27.1,1005.9,0,5.3
2022-12-17,Dourados,26.9,1006.0,0,0.0
2022-12-17,Três Lagoas,27.7,1005.9,0,0.0
2022-12-17,Corumbá,28.5,1005.2,0,0.0
2022-12-17,Ponta Porã,24.2,1008.3,0,2.9
2022-12-17,Aquidauana,27.9,1005.7,0,5.7
2022-12-18,Campo Grande,25.2,1008.3,0,12.8
2022-12-18,Dourados,24.9,1008.9,0,24.9
2022-12-18,Três Lagoas,26.3,1009.0,0,16.0
2022-12-18,Corumbá,25.9,1007.7,0,19.9
2022-12-18,Ponta Porã,21.2,1010.8,0,11.2
2022-12-18,Aquidauana,22.6,1008.9,0,18.1
2022-12-19,Campo Grande,26.1,1010.1,0,14.3
2022-12-19,Dourados,25.7,1010.8,0,2.4
2022-12-19,Três Lagoas,25.4,1010.7,0,17.4
2022-12-19,Corumbá,26.3,1010.6,0,5.0
2022-12-19,Ponta Porã,22.9,1012.5,0,3.4
2022-12-19,Aquidauana,25.7,1010.1,0,5.7
2022-12-20,Campo Grande,27.5,1009.7,0,0.9
2022-12-20,Dourados,26.9,1010.2,0,0.2
2022-12-20,Três Lagoas,26.7,1009.5,0,1.7
2022-12-20,Corumbá,28.8,1009.3,0,0.0
2022-12-20,Ponta Porã,23.7,1012.2,0,0.0
2022-12-20,Aquidauana,27.9,1009.3,0,0.0
2022-12-21,Campo Grande,28.0,1009.4,0,0.0
2022-12-21,Dourados,27.1,1010.0,0,0.0
2022-12-21,Três Lagoas,27.0,1009.7,0,0.0
2022-12-21,Corumbá,30.4,1008.6,0,0.2
2022-12-21,Ponta Porã,24.1,1012.1,0,1.0
2022-12-21,Aquidauana,28.4,1008.9,0,0.0
2022-12-22,Campo Grande,27.8,1010.0,0,0.0
2022-12-22,Dourados,26.9,1010.6,0,0.0
2022-12-22,Três Lagoas,26.8,1010.8,0,0.0
2022-12-22,Corumbá,30.5,1007.7,0,0.0
2022-12-22,Ponta Porã,23.9,1012.2,0,0.0
2022-12-22,Aquidauana,28.8,1008.7,0,0.0
2022-12-23,Campo Grande,28.0,1009.5,0,0.0
2022-12-23,Dourados,27.2,1009.9,0,0.0
2022-12-23,Três Lagoas,27.1,1010.5,0,0.0
2022-12-23,Corumbá,30.4,1007.2,0,0.0
2022-12-23,Ponta Porã,24.1,1011.5,0,0.0
2022-12-23,Aquidauana,28.9,1008.1,0,0.0
2022-12-24,Campo Grande,26.9,1009.5,0,0.0
2022-12-24,Dourados,26.6,1009.7,0,1.1
2022-12-24,Três Lagoas,27.4,1010.1,0,0.0
2022-12-24,Corumbá,25.7,1009.0,0,7.9
2022-12-24,Ponta Porã,23.7,1011.8,0,0.1
2022-12-24,Aquidauana,26.8,1009.0,0,0.5
2022-12-25,Campo Grande,25.8,1010.7,0,2.7
2022-12-25,Dourados,25.4,1011.1,0,0.1
2022-12-25,Três Lagoas,26.0,1011.2,0,5.9
2022-12-25,Corumbá,27.6,1010.1,0,12.1
2022-12-25,Ponta Porã,22.9,1012.9,0,7.3
2022-12-25,Aquidauana,26.7,1010.0,0,0.4
2022-12-26,Campo Grande,26.8,1010.1,0,0.7
2022-12-26,Dourados,26.9,1010.4,0,0.0
2022-12-26,Três Lagoas,26.3,1010.6,0,6.4
2022-12-26,Corumbá,28.6,1009.2,0,0.4
2022-12-26,Ponta Porã,24.6,1012.1,0,0.0
2022-12-26,Aquidauana,28.7,1009.1,0,0.1
2022-12-27,Campo Grande,28.2,1009.0,0,0.5
2022-12-27,Dourados,28.1,1009.1,0,0.2
2022-12-27,Três Lagoas,27.8,1009.7,0,0.1
2022-12-27,Corumbá,30.8,1008.2,0,0.1
2022-12-27,Ponta Porã,27.0,1010.6,0,0.0
2022-12-27,Aquidauana,30.3,1008.2,0,0.0
2022-12-28,Campo Grande,26.9,1009.7,0,8.2
2022-12-28,Dourados,26.6,1009.7,0,1.5
2022-12-28,Três Lagoas,27.1,1010.2,0,14.1
2022-12-28,Corumbá,27.2,1009.5,0,13.6
2022-12-28,Ponta Porã,25.8,1011.1,0,1.5
2022-12-28,Aquidauana,27.3,1009.2,0,7.9
2022-12-29,Campo Grande,27.0,1011.3,0,13.2
2022-12-29,Dourados,27.3,1011.7,0,0.1
2022-12-29,Três Lagoas,26.5,1011.6,0,11.0
2022-12-29,Corumbá,28.3,1011.2,0,20.3
2022-12-29,Ponta Porã,24.7,1013.7,0,0.0
2022-12-29,Aquidauana,28.2,1010.9,0,1.9
2022-12-30,Campo Grande,28.1,1010.8,0,0.3
2022-12-30,Dourados,27.9,1011.1,0,0.0
2022-12-30,Três Lagoas,27.4,1011.7,0,4.2
2022-12-30,Corumbá,29.6,1009.8,0,0.3
2022-12-30,Ponta Porã,25.7,1012.6,0,0.0
2022-12-30,Aquidauana,29.3,1009.7,0,0.0
2022-12-31,Campo Grande,27.9,1011.1,0,7.3
2022-12-31,Dourados,28.8,1010.9,0,2.2
2022-12-31,Três Lagoas,27.7,1012.2,0,2.5
2022-12-31,Corumbá,28.9,1009.9,0,2.2
2022-12-31,Ponta Porã,27.4,1012.5,0,0.0
2022-12-31,Aquidauana,29.7,1010.0,0,1.4
